,Chemical name,smiles,label
0,"1,1,1-trichloroethane",CC(Cl)(Cl)Cl,1
1,"1,1,2-trichloroethane",C(C(Cl)Cl)Cl,1
2,"1,1-dimethylhydrazine",CN(C)N,1
3,"1,3-dichloropropene",C(C=CCl)Cl,1
4,"2,4,6-trinitrotoluene",Cc1c(cc(cc1[N+](=O)[O-])[N+](=O)[O-])[N+](=O)[O-],1
5,"2,4-dinitrophenol",c1cc(c(cc1[N+](=O)[O-])[N+](=O)[O-])O,1
6,2-naphthol,c1ccc2cc(ccc2c1)O,1
7,2-nitropropane,CC(C)N(=O)=O,1
8,Abacavir,c1nc2c(nc(nc2n1C3CC(C=C3)CO)N)NC4CC4,1
9,Acamprosate,CC(=O)NCCCS(=O)(=O)O,0
10,Acarbose,CC1C(C(C(C(O1)OC2C(OC(C(C2O)O)OC3C(OC(C(C3O)O)O)CO)CO)O)O)NC4C=C(C(C(C4O)O)O)CO,1
11,Acemetacin,Cc1c(c2cc(ccc2n1C(=O)c3ccc(cc3)Cl)OC)CC(=O)OCC(=O)O,1
12,Acetaminophen,CC(=O)Nc1ccc(cc1)O,1
13,Acetazolamide,CC(=O)Nc1nnc(s1)S(=O)(=O)N,0
14,Acetone cyanohydrin,CC(C)(C#N)O,1
15,Acetophenazine,CC(=O)c1ccc2c(c1)N(c3ccccc3S2)CCCN4CCN(CC4)CCO,1
16,Acetylcysteine,CC(=O)NC(CS)C(=O)O,1
17,Aclarubicin,CCC1(CC(c2c(cc3c(c2O)C(=O)c4c(cccc4O)C3=O)C1C(=O)OC)OC5CC(C(C(O5)C)OC6CC(C(C(O6)C)OC7CCC(=O)C(O7)C)O)N(C)C)O,1
18,Acyclovir,c1nc2c(n1COCCO)[nH]c(nc2=O)N,1
19,Adapalene,COc1ccc(cc1C23CC4CC(C2)CC(C4)C3)c5ccc6cc(ccc6c5)C(=O)O,0
20,Adefovir dipivoxil,CC(C)(C)C(=O)OCOP(=O)(COCCn1cnc2c1ncnc2N)OCOC(=O)C(C)(C)C,1
21,Afelimomab,COc1ccc(c(c1)OC)C=C2CCCN=C2c3cccnc3,1
22,Alacepril,CC(CSC(=O)C)C(=O)N1CCCC1C(=O)NC(Cc2ccccc2)C(=O)O,1
23,Albendazole,CCCSc1ccc2c(c1)[nH]c(n2)NC(=O)OC,1
24,Albuterol,CC(C)(C)NCC(c1ccc(c(c1)CO)O)O,0
25,Alclometasone,CC1CC2C3C(CC4=CC(=O)C=CC4(C3C(CC2(C1(C(=O)CO)O)C)O)C)Cl,0
26,Aldrin,C1C2C=CC1C3C2C4(C(=C(C3(C4(Cl)Cl)Cl)Cl)Cl)Cl,1
27,Alendronate,C(CC(O)(P(=O)(O)O)P(=O)(O)O)CN,1
28,Alfentanil,CCC(=O)N(c1ccccc1)C2(CCN(CC2)CCn3c(=O)n(nn3)CC)COC,0
29,Alfuzosin,CN(CCCNC(=O)C1CCCO1)c2nc3cc(c(cc3c(n2)N)OC)OC,1
30,Allopurinol,c1c-2c(=O)ncnc2[nH][nH]1,1
31,Almitrine,C=CCNc1nc(nc(n1)N2CCN(CC2)C(c3ccc(cc3)F)c4ccc(cc4)F)NCC=C,1
32,Almotriptan,CN(C)CCc1c[nH]c2c1cc(cc2)CS(=O)(=O)N3CCCC3,0
33,Alosetron,Cc1c(nc[nH]1)CN2CCc3c(c4ccccc4n3C)C2=O,0
34,Alpidem,CCCN(CCC)C(=O)Cc1c(nc2n1cc(cc2)Cl)c3ccc(cc3)Cl,1
35,Alprazolam,Cc1nnc2n1-c3ccc(cc3C(=NC2)c4ccccc4)Cl,1
36,Alprostadil,CCCCCC(C=CC1C(CC(=O)C1CCCCCCC(=O)O)O)O,1
37,Altretamine,CN(C)c1nc(nc(n1)N(C)C)N(C)C,1
38,Alvimopan,CC1CN(CCC1(C)c2cccc(c2)O)CC(Cc3ccccc3)C(=O)NCC(=O)O,1
39,Amantadine,C1C2CC3CC1CC(C2)(C3)N,1
40,Ambenonium,CC[N+](CC)(CCNC(=O)C(=O)NCC[N+](CC)(CC)Cc1ccccc1Cl)Cc2ccccc2Cl,0
41,Ambrisentan,Cc1cc(nc(n1)OC(C(=O)O)C(c2ccccc2)(c3ccccc3)OC)C,1
42,Amcinonide,CC(=O)OCC(=O)C12C(CC3C1(CC(C4(C3CCC5=CC(=O)C=CC54C)F)O)C)OC6(O2)CCCC6,0
43,Amifostine,C(CN)CNCCSP(=O)(O)O,0
44,Amikacin,C1C(C(C(C(C1NC(=O)C(CCN)O)OC2C(C(C(C(O2)CO)O)N)O)O)OC3C(C(C(C(O3)CN)O)O)O)N,1
45,Amineptine,c1ccc2c(c1)CCc3ccccc3C2NCCCCCCC(=O)O,1
46,Aminocaproic acid,C(CCC(=O)O)CCN,1
47,Aminoglutethimide,CCC1(CCC(=O)NC1=O)c2ccc(cc2)N,1
48,Aminohippuric acid,c1cc(ccc1C(=O)NCC(=O)O)N,0
49,Aminolevulinic acid,C(CC(=O)O)C(=O)CN,1
50,Aminosalicylic acid,c1cc(c(cc1N)O)C(=O)O,1
51,Amiodarone,CCCCc1c(c2ccccc2o1)C(=O)c3cc(c(c(c3)I)OCCN(CC)CC)I,1
52,Amithiozone,CC(=O)Nc1ccc(cc1)C=NNC(=S)N,1
53,Amitriptyline ,CN(C)CCC=C1c2ccccc2CCc3c1cccc3,1
54,Amlexanox,CC(C)c1ccc2c(c1)c(=O)c3cc(c(nc3o2)N)C(=O)O,0
55,Ammonium lactate,CC(C(=O)O)O,0
56,Amodiaquine,CCN(CC)Cc1cc(ccc1O)Nc2ccnc3c2ccc(c3)Cl,1
57,Amonafide,CN(C)CCN1C(=O)c2cccc3c2c(cc(c3)N)C1=O,1
58,Amoxapine,c1ccc2c(c1)N=C(c3cc(ccc3O2)Cl)N4CCNCC4,1
59,Amoxicillin,CC1(C(N2C(S1)C(C2=O)NC(=O)C(c3ccc(cc3)O)N)C(=O)O)C,1
60,Amphotericin b,CC1C=CC=CC=CC=CC=CC=CC=CC(CC2C(C(CC(O2)(CC(CC(C(CCC(CC(CC(=O)OC(C(C1O)C)C)O)O)O)O)O)O)O)C(=O)O)OC3C(C(C(C(O3)C)O)N)O,1
61,Ampicillin,CC1(C(N2C(S1)C(C2=O)NC(=O)C(c3ccccc3)N)C(=O)O)C,1
62,Amprenavir,CC(C)CN(CC(C(Cc1ccccc1)NC(=O)OC2CCOC2)O)S(=O)(=O)c3ccc(cc3)N,0
63,Amsacrine,COc1cc(ccc1Nc2c3ccccc3nc4c2cccc4)NS(=O)(=O)C,1
64,Anastrozole,CC(C)(C#N)c1cc(cc(c1)C(C)(C)C#N)Cn2cncn2,1
65,Aniracetam,COc1ccc(cc1)C(=O)N2CCCC2=O,0
66,Anisindione,COc1ccc(cc1)C2C(=O)c3ccccc3C2=O,0
67,Anisotropine,CCCC(CCC)C(=O)OC1CC2CCC(C1)[N+]2(C)C,0
68,Apomorphine,CN1CCc2cccc-3c2C1Cc4c3c(c(cc4)O)O,0
69,Apraclonidine,c1c(cc(c(c1Cl)NC2=NCCN2)Cl)N,0
70,Aprepitant,CC(c1cc(cc(c1)C(F)(F)F)C(F)(F)F)OC2C(N(CCO2)Cc3[nH][nH]c(=O)n3)c4ccc(cc4)F,1
71,Aprindine,CCN(CC)CCCN(c1ccccc1)C2Cc3ccccc3C2,1
72,Arbutamine,c1cc(ccc1CCCCNCC(c2ccc(c(c2)O)O)O)O,0
73,Argatroban,CC1CCN(C(C1)C(=O)O)C(=O)C(CCCN=C(N)N)NS(=O)(=O)c2cccc3c2NCC(C3)C,1
74,Aspirin,CC(=O)Oc1ccccc1C(=O)O,1
75,Atazanavir,CC(C)(C)C(C(=O)NC(Cc1ccccc1)C(CN(Cc2ccc(cc2)c3ccccn3)NC(=O)C(C(C)(C)C)NC(=O)OC)O)NC(=O)OC,1
76,Atenolol,CC(C)NCC(COc1ccc(cc1)CC(=O)N)O,0
77,Atomoxetine,Cc1ccccc1OC(CCNC)c2ccccc2,1
78,Atorvastatin,CC(C)c1c(c(c(n1CCC(CC(CC(=O)O)O)O)c2ccc(cc2)F)c3ccccc3)C(=O)Nc4ccccc4,1
79,Atovaquone,c1ccc2c(c1)C(=C(C(=O)C2=O)C3CCC(CC3)c4ccc(cc4)Cl)O,1
80,Atracurium,C[N+]1(CCc2cc(c(cc2C1Cc3ccc(c(c3)OC)OC)OC)OC)CCC(=O)OCCCCCOC(=O)CC[N+]4(CCc5cc(c(cc5C4Cc6ccc(c(c6)OC)OC)OC)OC)C,0
81,Atrazine,CCNc1nc(nc(n1)Cl)NC(C)C,1
82,Atropine,CN1C2CCC1CC(C2)OC(=O)C(CO)c3ccccc3,0
83,Azacitidine,c1nc(nc(=O)n1C2C(C(C(O2)CO)O)O)N,1
84,Azatadine,CN1CCC(=C2c3ccccc3CCc4c2nccc4)CC1,0
85,Azathioprine,Cn1cnc(c1Sc2c3c(nc[nH]3)ncn2)N(=O)=O,1
86,Azelaic acid,C(CCCC(=O)O)CCCC(=O)O,0
87,Azelastine,CN1CCCC(CC1)n2c(=O)c3ccccc3c(n2)Cc4ccc(cc4)Cl,0
88,Azithromycin,CCC1C(C(C(N(CC(CC(C(C(C(C(C(=O)O1)C)OC2CC(C(C(O2)C)O)(C)OC)C)OC3C(C(CC(O3)C)N(C)C)O)(C)O)C)C)C)O)(C)O,1
89,Azlocillin,CC1(C(N2C(S1)C(C2=O)NC(=O)C(c3ccccc3)NC(=O)N4CCNC4=O)C(=O)O)C,0
90,Bacampicillin,CCOC(=O)OC(C)OC(=O)C1C(SC2N1C(=O)C2NC(=O)C(c3ccccc3)N)(C)C,0
91,Baclofen,c1cc(ccc1C(CC(=O)O)CN)Cl,1
92,Balsalazide,c1cc(ccc1C(=O)NCCC(=O)O)NN=C2C=CC(=O)C(=C2)C(=O)O,0
93,Benazepril,CCOC(=O)C(CCc1ccccc1)NC2CCc3ccccc3N(C2=O)CC(=O)O,1
94,Bendamustine,Cn1c2ccc(cc2nc1CCCC(=O)O)N(CCCl)CCCl,0
95,Bendroflumethiazide,c1ccc(cc1)CC2Nc3cc(c(cc3S(=O)(=O)N2)S(=O)(=O)N)C(F)(F)F,1
96,Bentazepam,c1ccc(cc1)C2=c3c4c(sc3=NC(=O)CN2)CCCC4,1
97,Bentiromide,c1ccc(cc1)C(=O)NC(Cc2ccc(cc2)O)C(=O)Nc3ccc(cc3)C(=O)O,0
98,Benzarone,CCc1c(c2ccccc2o1)C(=O)c3ccc(cc3)O,1
99,Benzbromarone,CCc1c(c2ccccc2o1)C(=O)c3cc(c(c(c3)Br)O)Br,1
100,Benzidine,CC(=O)C(C(=O)Nc1ccccc1)N=Nc2ccc(cc2Cl)c3ccc(c(c3)Cl)N=NC(C(=O)C)C(=O)Nc4ccccc4,1
101,Benzonatate,CCCCNc1ccc(cc1)C(=O)OCCOCCOCCOCCOCCOCCOCCOCCOCCOC,0
102,Benzphetamine,CC(Cc1ccccc1)N(C)Cc2ccccc2,0
103,Benzquinamide,CCN(CC)C(=O)C1CN2CCc3cc(c(cc3C2CC1OC(=O)C)OC)OC,0
104,Benzthiazide,c1ccc(cc1)CSCC2=NS(=O)(=O)c3cc(c(cc3N2)Cl)S(=O)(=O)N,0
105,Bepridil,CC(C)COCC(CN(Cc1ccccc1)c2ccccc2)N3CCCC3,1
106,Beta-carotene,CC1=C(C(CCC1)(C)C)C=CC(=CC=CC(=CC=CC=C(C)C=CC=C(C)C=CC2=C(CCCC2(C)C)C)C)C,0
107,Betaine,C[N+](C)(C)CC(=O)O,0
108,Bethanidine,CNC(=NC)NCc1ccccc1,0
109,Bexarotene,Cc1cc2c(cc1C(=C)c3ccc(cc3)C(=O)O)C(CCC2(C)C)(C)C,1
110,Bezafibrate,CC(C)(C(=O)O)Oc1ccc(cc1)CCNC(=O)c2ccc(cc2)Cl,1
111,Bimatoprost,CCNC(=O)CCCC=CCC1C(CC(C1C=CC(CCc2ccccc2)O)O)O,1
112,Biperiden,c1ccc(cc1)C(CCN2CCCCC2)(C3CC4CC3C=C4)O,0
113,Bisoprolol,CC(C)NCC(COc1ccc(cc1)COCCOC(C)C)O,1
114,Bitolterol,Cc1ccc(cc1)C(=O)Oc2ccc(cc2OC(=O)c3ccc(cc3)C)C(CNC(C)(C)C)O,0
115,Bortezomib,B(C(CC(C)C)NC(=O)C(Cc1ccccc1)NC(=O)c2cnccn2)(O)O,1
116,Bretylium,CC[N+](C)(C)Cc1ccccc1Br,0
117,Brimonidine,c1cc(c(c2c1nccn2)Br)NC3=NCCN3,0
118,Bromocriptine,CC(C)CC1C(=O)N2CCCC2C3(N1C(=O)C(O3)(C(C)C)NC(=O)C4CN(C5Cc6c7c(cccc7[nH]c6Br)C5=C4)C)O,0
119,Bromodichloromethane,C(Cl)(Cl)Br,1
120,Bromoform,C(Br)(Br)Br,1
121,Bropirimine,c1ccc(cc1)c2c(c(=O)nc([nH]2)N)Br,1
122,Broxuridine,c1c(c(=O)[nH]c(=O)n1C2CC(C(O2)CO)O)Br,1
123,Buclizine,CC(C)(C)c1ccc(cc1)CN2CCN(CC2)C(c3ccccc3)c4ccc(cc4)Cl,0
124,Budesonide,CCCC1OC2CC3C4CCC5=CC(=O)C=CC5(C4C(CC3(C2(O1)C(=O)CO)C)O)C,0
125,Bupivacaine,CCCCN1CCCCC1C(=O)Nc2c(cccc2C)C,1
126,Buprenorphine,CC(C)(C)C(C)(C1CC23CCC1(C4C25CCN(C3Cc6c5c(c(cc6)O)O4)CC7CC7)OC)O,0
127,Bupropion,CC(C(=O)c1cccc(c1)Cl)NC(C)(C)C,1
128,Buspirone,c1cnc(nc1)N2CCN(CC2)CCCCN3C(=O)CC4(CCCC4)CC3=O,0
129,Busulfan,CS(=O)(=O)OCCCCOS(=O)(=O)C,1
130,Butenafine,CC(C)(C)c1ccc(cc1)CN(C)Cc2cccc3c2cccc3,0
131,Butoconazole,c1cc(c(c(c1)Cl)SC(CCc2ccc(cc2)Cl)Cn3ccnc3)Cl,0
132,Butorphanol,c1cc2c(cc1O)C34CCCCC3(C(C2)N(CC4)CC5CCC5)O,0
133,Caffeine,Cn1cnc2c1c(=O)n(c(=O)n2C)C,0
134,Calcifediol,CC(CCCC(C)(C)O)C1CCC2C1(CCCC2=CC=C3CC(CCC3=C)O)C,0
135,Calcipotriene,CC(C=CC(C1CC1)O)C2CCC3C2(CCCC3=CC=C4CC(CC(C4=C)O)O)C,0
136,Calcitriol,CC(CCCC(C)(C)O)C1CCC2C1(CCCC2=CC=C3CC(CC(C3=C)O)O)C,0
137,Camphor,CC1(C2CCC1(C(=O)C2)C)C,1
138,Candesartan cilexetil,CCOc1nc2cccc(c2n1Cc3ccc(cc3)c4ccccc4c5n[nH]nn5)C(=O)OC(C)OC(=O)OC6CCCCC6,1
139,Capecitabine,CCCCCOC(=O)Nc1c(cn(c(=O)n1)C2C(C(C(O2)C)O)O)F,1
140,Caprolactam,C1CCC(=O)NCC1,1
141,Captafol,C1C=CCC2C1C(=O)N(C2=O)SC(C(Cl)Cl)(Cl)Cl,1
142,Captopril,CC(CS)C(=O)N1CCCC1C(=O)O,1
143,Carbachol,C[N+](C)(C)CCOC(=O)N,0
144,Carbamazepine,c1ccc2c(c1)C=Cc3ccccc3N2C(=O)N,1
145,Carbenicillin,CC1(C(N2C(S1)C(C2=O)NC(=O)C(c3ccccc3)C(=O)O)C(=O)O)C,1
146,Carbimazole,CCOC(=O)n1ccn(c1=S)C,1
147,Carbinoxamine,CN(C)CCOC(c1ccc(cc1)Cl)c2ccccn2,0
148,Carboprost,CCCCCC(C)(C=CC1C(CC(C1CC=CCCCC(=O)O)O)O)O,0
149,Carbutamide,CCCCNC(=O)NS(=O)(=O)c1ccc(cc1)N,1
150,Carisoprodol,CCCC(C)(COC(=O)N)COC(=O)NC(C)C,0
151,Carprofen,CC(c1ccc2c3cc(ccc3[nH]c2c1)Cl)C(=O)O,1
152,Carteolol,CC(C)(C)NCC(COc1cccc2c1CCC(=O)N2)O,0
153,Carvedilol,COc1ccccc1OCCNCC(COc2cccc3c2c4ccccc4[nH]3)O,1
154,Caspofungin,CCC(C)CC(C)CCCCCCCCC(=O)NC1CC(C(NC(=O)C2C(CCN2C(=O)C(NC(=O)C(NC(=O)C3CC(CN3C(=O)C(NC1=O)C(C)O)O)C(C(c4ccc(cc4)O)O)O)C(CCN)O)O)NCCN)O,1
155,Cefaclor,c1ccc(cc1)C(C(=O)NC2C3N(C2=O)C(=C(CS3)Cl)C(=O)O)N,1
156,Cefadroxil,CC1=C(N2C(C(C2=O)NC(=O)C(c3ccc(cc3)O)N)SC1)C(=O)O,1
157,Cefamandole,Cn1c(nnn1)SCC2=C(N3C(C(C3=O)NC(=O)C(c4ccccc4)O)SC2)C(=O)O,1
158,Cefazolin,Cc1nnc(s1)SCC2=C(N3C(C(C3=O)NC(=O)Cn4cnnn4)SC2)C(=O)O,1
159,Cefdinir,C=CC1=C(N2C(C(C2=O)NC(=O)C(=NO)c3csc(n3)N)SC1)C(=O)O,1
160,Cefditoren pivoxil,Cc1c(scn1)C=CC2=C(N3C(C(C3=O)NC(=O)C(=NOC)c4csc(n4)N)SC2)C(=O)OCOC(=O)C(C)(C)C,1
161,Cefixime,C=CC1=C(N2C(C(C2=O)NC(=O)C(=NOCC(=O)O)c3csc(n3)N)SC1)C(=O)O,1
162,Cefmenoxime,Cn1c(nnn1)SCC2=C(N3C(C(C3=O)NC(=O)C(=NOC)c4csc(n4)N)SC2)C(=O)O,1
163,Cefmetazole,Cn1c(nnn1)SCC2=C(N3C(C(C3=O)(NC(=O)CSCC#N)OC)SC2)C(=O)O,1
164,Cefodizime,Cc1c(sc(n1)SCC2=C(N3C(C(C3=O)NC(=O)C(=NOC)c4csc(n4)N)SC2)C(=O)O)CC(=O)O,1
165,Cefonicid,c1ccc(cc1)C(C(=O)NC2C3N(C2=O)C(=C(CS3)CSc4nnnn4CS(=O)(=O)O)C(=O)O)O,1
166,Cefoperazone,CCN1CCN(C(=O)C1=O)C(=O)NC(c2ccc(cc2)O)C(=O)NC3C4N(C3=O)C(=C(CS4)CSc5nnnn5C)C(=O)O,1
167,Ceforanide,c1ccc(c(c1)CC(=O)NC2C3N(C2=O)C(=C(CS3)CSc4nnnn4CC(=O)O)C(=O)O)CN,1
168,Cefotaxime,CC(=O)OCC1=C(N2C(C(C2=O)NC(=O)C(=NOC)c3csc(n3)N)SC1)C(=O)O,1
169,Cefotetan,Cn1c(nnn1)SCC2=C(N3C(C(C3=O)(NC(=O)C4SC(=C(C(=O)N)C(=O)O)S4)OC)SC2)C(=O)O,1
170,Cefotiam,CN(C)CCn1c(nnn1)SCC2=C(N3C(C(C3=O)NC(=O)Cc4csc(n4)N)SC2)C(=O)O,1
171,Cefpirome,CON=C(c1csc(n1)N)C(=O)NC2C3N(C2=O)C(=C(CS3)C[n+]4cccc5c4CCC5)C(=O)O,1
172,Cefpodoxime proxetil,CC(C)OC(=O)OC(C)OC(=O)C1=C(CSC2N1C(=O)C2NC(=O)C(=NOC)c3csc(n3)N)COC,0
173,Cefprozil,CC=CC1=C(N2C(C(C2=O)NC(=O)C(c3ccc(cc3)O)N)SC1)C(=O)O,1
174,Cefsulodin,c1ccc(cc1)C(C(=O)NC2C3N(C2=O)C(=C(CS3)C[n+]4ccc(cc4)C(=O)N)C(=O)O)S(=O)(=O)O,1
175,Ceftazidime,CC(C)(C(=O)O)ON=C(c1csc(n1)N)C(=O)NC2C3N(C2=O)C(=C(CS3)C[n+]4ccccc4)C(=O)O,1
176,Ceftibuten,c1c(nc(s1)N)C(=CCC(=O)O)C(=O)NC2C3N(C2=O)C(=CCS3)C(=O)O,1
177,Ceftizoxime,CON=C(c1csc(n1)N)C(=O)NC2C3N(C2=O)C(=CCS3)C(=O)O,1
178,Ceftriaxone,Cn1c(nc(=O)c(=O)[nH]1)SCC2=C(N3C(C(C3=O)NC(=O)C(=NOC)c4csc(n4)N)SC2)C(=O)O,1
179,Cefuroxime,CON=C(c1ccco1)C(=O)NC2C3N(C2=O)C(=C(CS3)COC(=O)N)C(=O)O,1
180,Celecoxib,Cc1ccc(cc1)c2cc(nn2c3ccc(cc3)S(=O)(=O)N)C(F)(F)F,1
181,Cephalexin,CC1=C(N2C(C(C2=O)NC(=O)C(c3ccccc3)N)SC1)C(=O)O,1
182,Cephalothin,CC(=O)OCC1=C(N2C(C(C2=O)NC(=O)Cc3cccs3)SC1)C(=O)O,1
183,Cephapirin,CC(=O)OCC1=C(N2C(C(C2=O)NC(=O)CSc3ccncc3)SC1)C(=O)O,1
184,Cephradine,CC1=C(N2C(C(C2=O)NC(=O)C(C3=CCC=CC3)N)SC1)C(=O)O,1
185,Ceruletide,CCCCC(C(=O)NC(CC(=O)O)C(=O)NC(Cc1ccccc1)C(=O)N)NC(=O)C(Cc2c[nH]c3c2cccc3)NC(=O)CNC(=O)C(C(C)O)NC(=O)C(Cc4ccc(cc4)OS(=O)(=O)O)N,0
186,Cevimeline,CC1OC2(CN3CCC2CC3)CS1,1
187,Chlorambucil,c1cc(ccc1CCCC(=O)O)N(CCCl)CCCl,1
188,Chloramphenicol,c1cc(ccc1C(C(CO)NC(=O)C(Cl)Cl)O)N(=O)=O,1
189,Chlorbenside,c1cc(ccc1CSc2ccc(cc2)Cl)Cl,1
190,Chlordecone,C1(=O)C2(C3(C4(C1(C5(C2(C3(C(C45Cl)(Cl)Cl)Cl)Cl)Cl)Cl)Cl)Cl)Cl,1
191,Chlordiazepoxide,CN=C1CN(C(=c2cc(ccc2=N1)Cl)c3ccccc3)O,1
192,Chlorhexidine,c1cc(ccc1NC(=NC(=NCCCCCCN=C(N)N=C(N)Nc2ccc(cc2)Cl)N)N)Cl,0
193,Chloroform,C(Cl)(Cl)Cl,1
194,Chloroprocaine,CCN(CC)CCOC(=O)c1ccc(cc1Cl)N,0
195,Chloroquine,CCN(CC)CCCC(C)Nc1ccnc2c1ccc(c2)Cl,0
196,Chlorotoluene,c1ccc(cc1)CCl,1
197,Chlorotrianisene,COc1ccc(cc1)C(=C(c2ccc(cc2)OC)Cl)c3ccc(cc3)OC,0
198,Chloroxine,c1cc2c(cc(c(c2nc1)O)Cl)Cl,0
199,Chlorphenesin,c1cc(ccc1OCC(CO)O)Cl,0
200,Chlorpheniramine,CN(C)CCC(c1ccc(cc1)Cl)c2ccccn2,0
201,Chlorpromazine,CN(C)CCCN1c2ccccc2Sc3c1cc(cc3)Cl,1
202,Chlorpropamide,CCCNC(=O)NS(=O)(=O)c1ccc(cc1)Cl,1
203,Chlorprothixene,CN(C)CCC=C1c2ccccc2Sc3c1cc(cc3)Cl,1
204,Chlortetracycline,CC1(c2c(ccc(c2C(=C3C1CC4C(C(=O)C(=C(N)O)C(=O)C4(C3=O)O)N(C)C)O)O)Cl)O,1
205,Chlorthalidone,c1ccc2c(c1)C(=O)NC2(c3ccc(c(c3)S(=O)(=O)N)Cl)O,0
206,Cholestyramine,CC(C)(C(=O)NCCS(=O)(=O)O)Oc1ccc(cc1)C(=O)c2ccc(cc2)Cl,0
207,Ciclesonide,CC(C)C(=O)OCC(=O)C12C(CC3C1(CC(C4C3CCC5=CC(=O)C=CC45C)O)C)OC(O2)C6CCCCC6,0
208,Cidofovir,c1cn(c(=O)nc1N)CC(CO)OCP(=O)(O)O,0
209,Cilnidipine,CC1=C(C(C(=C(N1)C)C(=O)OCC=Cc2ccccc2)c3cccc(c3)N(=O)=O)C(=O)OCCOC,1
210,Cilostazol,c1cc2c(cc1OCCCCc3nnnn3C4CCCCC4)CCC(=O)N2,0
211,Cinacalcet,CC(c1cccc2c1cccc2)NCCCc3cccc(c3)C(F)(F)F,0
212,Cinoxacin,CCn1c2cc3c(cc2c(=O)c(n1)C(=O)O)OCO3,1
213,Ciprofibrate,CC(C)(C(=O)O)Oc1ccc(cc1)C2CC2(Cl)Cl,1
214,Ciprofloxacin,c1c2c(cc(c1F)N3CCNCC3)n(cc(c2=O)C(=O)O)C4CC4,1
215,Cladribine,c1nc2c(nc(nc2n1C3CC(C(O3)CO)O)Cl)N,1
216,Clarithromycin,CCC1C(C(C(C(=O)C(CC(C(C(C(C(C(=O)O1)C)OC2CC(C(C(O2)C)O)(C)OC)C)OC3C(C(CC(O3)C)N(C)C)O)(C)OC)C)C)O)(C)O,1
217,Clemastine,CC(c1ccccc1)(c2ccc(cc2)Cl)OCCC3CCCN3C,0
218,Clevidipine,CCCC(=O)OCOC(=O)C1=C(NC(=C(C1c2cccc(c2Cl)Cl)C(=O)OC)C)C,0
219,Clidinium,C[N+]12CCC(CC1)C(C2)OC(=O)C(c3ccccc3)(c4ccccc4)O,0
220,Clindamycin,CCCC1CC(N(C1)C)C(=O)NC(C2C(C(C(C(O2)SC)O)O)O)C(C)Cl,1
221,Clocortolone,CC1CC2C3CC(C4=CC(=O)C=CC4(C3(C(CC2(C1C(=O)CO)C)O)Cl)C)F,0
222,Clofarabine,c1nc2c(nc(nc2n1C3C(C(C(O3)CO)O)F)Cl)N,1
223,Clofazimine,CC(C)N=c1cc-2n(c3ccccc3nc2cc1Nc4ccc(cc4)Cl)c5ccc(cc5)Cl,1
224,Clofibrate,CCOC(=O)C(C)(C)Oc1ccc(cc1)Cl,1
225,Clometacin,Cc1c(c2ccc(cc2n1CC(=O)O)OC)C(=O)c3ccc(cc3)Cl,1
226,Clomipramine,CN(C)CCCN1c2ccccc2CCc3c1cc(cc3)Cl,1
227,Clonazepam,c1ccc(c(c1)C2=NCC(=O)Nc3c2cc(cc3)N(=O)=O)Cl,1
228,Clonidine,c1cc(c(c(c1)Cl)NC2=NCCN2)Cl,1
229,Clopidogrel,COC(=O)C(c1ccccc1Cl)N2CCc3c(ccs3)C2,1
230,Clorazepate,c1ccc(cc1)C2=NC(C(=O)Nc3c2cc(cc3)Cl)C(=O)O,1
231,Clotrimazole,c1ccc(cc1)C(c2ccccc2)(c3ccccc3Cl)n4ccnc4,1
232,Clovoxamine,COCCCCC(=NOCCN)c1ccc(cc1)Cl,1
233,Clozapine,CN1CCN(CC1)C2=c3ccccc3=Nc4ccc(cc4N2)Cl,1
234,Coenzyme q10,CC1=C(C(=O)C(=C(C1=O)OC)OC)CC=C(C)CCC=C(C)CCC=C(C)CCC=C(C)CCC=C(C)CCC=C(C)CCC=C(C)CCC=C(C)CCC=C(C)CCC=C(C)C,1
235,Colchicine,CC(=O)NC1CCc2cc(c(c(c2-c3c1cc(=O)c(cc3)OC)OC)OC)OC,1
236,Conivaptan,Cc1[nH]c2c(n1)-c3ccccc3N(CC2)C(=O)c4ccc(cc4)NC(=O)c5ccccc5c6ccccc6,0
237,Cresol,Cc1ccc(cc1)O,1
238,Cromolyn,c1cc2c(c(c1)OCC(COc3cccc4c3c(=O)cc(o4)C(=O)O)O)c(=O)cc(o2)C(=O)O,0
239,Crotamiton,CCN(c1ccccc1C)C(=O)C=CC,0
240,Cyanocobalamin,Cc1cc2c(cc1C)n(cn2)C3C(C(C(O3)CO)OP(=O)(O)OC(C)CNC(=O)CCC4(C(C5=NC4=C(C6=NC(=CC7=NC(=C(C8=NC5(C(C8CCC(=O)N)(C)CC(=O)N)C)C)C(C7CCC(=O)N)(C)CC(=O)N)C(C6CCC(=O)N)(C)C)C)CC(=O)N)C)O,0
241,Cyclacillin,CC1(C(N2C(S1)C(C2=O)NC(=O)C3(CCCCC3)N)C(=O)O)C,0
242,Cyclizine,CN1CCN(CC1)C(c2ccccc2)c3ccccc3,1
243,Cyclobenzaprine,CN(C)CCC=C1c2ccccc2C=Cc3c1cccc3,1
244,Cyclofenil,CC(=O)Oc1ccc(cc1)C(=C2CCCCC2)c3ccc(cc3)OC(=O)C,1
245,Cyclopentolate,CN(C)CCOC(=O)C(c1ccccc1)C2(CCCC2)O,0
246,Cyclophosphamide,C1CNP(=O)(OC1)N(CCCl)CCCl,1
247,Cycloserine,C1C(C(=O)NO1)N,1
248,Cyclosporine,CCC1C(=O)N(CC(=O)N(C(C(=O)NC(C(=O)N(C(C(=O)NC(C(=O)NC(C(=O)N(C(C(=O)N(C(C(=O)N(C(C(=O)N(C(C(=O)N1)C(C(C)CC=CC)O)C)C(C)C)C)CC(C)C)C)CC(C)C)C)C)C)CC(C)C)C)C(C)C)CC(C)C)C)C,1
249,Cyclothiazide,c1c2c(cc(c1Cl)S(=O)(=O)N)S(=O)(=O)NC(N2)C3CC4CC3C=C4,0
250,Cyproheptadine,CN1CCC(=C2c3ccccc3C=Cc4c2cccc4)CC1,1
251,Cyproterone,CC(=O)C1(CCC2C1(CCC3C2C=C(C4=CC(=O)C5CC5C34C)Cl)C)O,1
252,Cysteamine,C(CS)N,1
253,Cytarabine,c1cn(c(=O)nc1N)C2C(C(C(O2)CO)O)O,1
254,Dactinomycin,Cc1ccc(c2c1oc-3c(c(=O)c(c(c3n2)C(=O)NC4C(OC(=O)C(N(C(=O)CN(C(=O)C5CCCN5C(=O)C(NC4=O)C(C)C)C)C)C(C)C)C)N)C)C(=O)NC6C(OC(=O)C(N(C(=O)CN(C(=O)C7CCCN7C(=O)C(NC6=O)C(C)C)C)C)C(C)C)C,1
255,Danazol,CC12CCC3C(C1CCC2(C#C)O)CCC4=Cc5c(cno5)CC34C,1
256,Dapiprazole,Cc1ccccc1N2CCN(CC2)CCc3nnc4n3CCCC4,0
257,Dapsone,c1cc(ccc1N)S(=O)(=O)c2ccc(cc2)N,1
258,Darifenacin,c1ccc(cc1)C(c2ccccc2)(C3CCN(C3)CCc4ccc5c(c4)CCO5)C(=O)N,0
259,Dasatinib,Cc1cccc(c1NC(=O)c2cnc(s2)Nc3cc(nc(n3)C)N4CCN(CC4)CCO)Cl,1
260,Decitabine,c1nc(nc(=O)n1C2CC(C(O2)CO)O)N,1
261,Deferasirox,c1cc(ccc1C(=O)O)N2C(=C3C=CC=CC3=O)NC(=C4C=CC=CC4=O)N2,1
262,Deferiprone,Cc1c(c(=O)ccn1C)O,1
263,Delapril,CCOC(=O)C(CCc1ccccc1)NC(C)C(=O)N(CC(=O)O)C2Cc3ccccc3C2,1
264,Delavirdine,CC(C)Nc1cccnc1N2CCN(CC2)C(=O)c3cc4cc(ccc4[nH]3)NS(=O)(=O)C,1
265,Demecarium,CN(CCCCCCCCCCN(C)C(=O)Oc1cccc(c1)[N+](C)(C)C)C(=O)Oc2cccc(c2)[N+](C)(C)C,0
266,Demeclocycline,CN(C)C1C2CC3C(c4c(ccc(c4C(=C3C(=O)C2(C(=O)C(=C(N)O)C1=O)O)O)O)Cl)O,1
267,Deserpidine,COc1cc(cc(c1OC)OC)C(=O)OC2CC3CN4CCc5c6ccccc6[nH]c5C4CC3C(C2OC)C(=O)OC,0
268,Desipramine,CNCCCN1c2ccccc2CCc3c1cccc3,1
269,Deslanoside,CC1C(C(CC(O1)OC2CCC3(C(C2)CCC4C3CC(C5(C4(CCC5C6=CC(=O)OC6)O)C)O)C)O)OC7CC(C(C(O7)C)OC8CC(C(C(O8)C)OC9C(C(C(C(O9)CO)O)O)O)O)O,0
270,Desloratadine,c1cc2c(nc1)C(=C3CCNCC3)c4ccc(cc4CC2)Cl,1
271,Desmopressin,c1ccc(cc1)CC2C(=O)NC(C(=O)NC(C(=O)NC(CSSCCC(=O)NC(C(=O)N2)Cc3ccc(cc3)O)C(=O)N4CCCC4C(=O)NC(CCCN=C(N)N)C(=O)NCC(=O)N)CC(=O)N)CCC(=O)N,0
272,Desoximetasone,CC1CC2C3CCC4=CC(=O)C=CC4(C3(C(CC2(C1C(=O)CO)C)O)F)C,0
273,Desvenlafaxine,CN(C)CC(c1ccc(cc1)O)C2(CCCCC2)O,0
274,Dexfenfluramine,CCNC(C)Cc1cccc(c1)C(F)(F)F,1
275,Dexibuprofen,CC(C)Cc1ccc(cc1)C(C)C(=O)O,1
276,Dexlansoprazole,Cc1c(ccnc1CS(=O)c2[nH]c3ccccc3n2)OCC(F)(F)F,1
277,Dexmedetomidine,Cc1cccc(c1C)C(C)c2cnc[nH]2,0
278,Dexrazoxane,CC(CN1CC(=O)NC(=O)C1)N2CC(=O)NC(=O)C2,1
279,Dextran,C(C1C(C(C(C(O1)OCC2C(C(C(C(O2)OCC(C(C(C(C=O)O)O)O)O)O)O)O)O)O)O)O,1
280,Dextromethorphan,CN1CCC23CCCCC2C1Cc4c3cc(cc4)OC,0
281,Dextrose,C(C1C(C(C(C(O1)O)O)O)O)O,0
282,Dextrothyroxine,c1c(cc(c(c1I)Oc2cc(c(c(c2)I)O)I)I)CC(C(=O)O)N,0
283,Dezocine,CC12CCCCCC(C1N)Cc3c2cc(cc3)O,0
284,Diatrizoate,CC(=O)Nc1c(c(c(c(c1I)NC(=O)C)I)C(=O)O)I,0
285,Diazepam,CN1c2ccc(cc2C(=NCC1=O)c3ccccc3)Cl,1
286,Diaziquone,CCOC(=O)NC1=C(C(=O)C(=C(C1=O)N2CC2)NC(=O)OCC)N3CC3,1
287,Diazoxide,CC1=NS(=O)(=O)c2cc(ccc2N1)Cl,1
288,Dibucaine,CCCCOc1cc(c2ccccc2n1)C(=O)NCCN(CC)CC,0
289,Diclofenac,c1ccc(c(c1)CC(=O)O)Nc2c(cccc2Cl)Cl,1
290,Dicumarol,c1ccc2c(c1)c(=O)c(c(o2)O)Cc3c(=O)c4ccccc4oc3O,0
291,Dicyclomine,CCN(CC)CCOC(=O)C1(CCCCC1)C2CCCCC2,0
292,Didanosine,c1[nH]c2c(c(=O)n1)ncn2C3CCC(O3)CO,1
293,Dienestrol,CC=C(c1ccc(cc1)O)C(=CC)c2ccc(cc2)O,0
294,Diethylcarbamazine,CCN(CC)C(=O)N1CCN(CC1)C,0
295,Diethylpropion,CCN(CC)C(C)C(=O)c1ccccc1,0
296,Diethylstilbestrol,CCC(=C(CC)c1ccc(cc1)O)c2ccc(cc2)O,1
297,Diflunisal,c1cc(c(cc1c2ccc(cc2F)F)C(=O)O)O,1
298,Difluprednate,CCCC(=O)OC1(CCC2C1(CC(C3(C2CC(C4=CC(=O)C=CC43C)F)F)O)C)C(=O)COC(=O)C,0
299,Digitoxin,CC1C(C(CC(O1)OC2C(OC(CC2O)OC3C(OC(CC3O)OC4CCC5(C(C4)CCC6C5CCC7(C6(CCC7C8=CC(=O)OC8)O)C)C)C)C)O)O,0
300,Dihydralazine,c1ccc2c(c1)c(nnc2NN)NN,1
301,Dihydroergotamine,CC1(C(=O)N2C(C(=O)N3CCCC3C2(O1)O)Cc4ccccc4)NC(=O)C5CC6c7cccc8c7c(c[nH]8)CC6N(C5)C,0
302,Diltiazem,CC(=O)OC1C(Sc2ccccc2N(C1=O)CCN(C)C)c3ccc(cc3)OC,1
303,Dimercaprol,C(C(CS)S)O,0
304,Dinitrobenzene,c1cc(cc(c1)N(=O)=O)N(=O)=O,1
305,Dinoprost,CCCCCC(C=CC1C(CC(C1CC=CCCCC(=O)O)O)O)O,0
306,Dinoprostone,CCCCCC(C=CC1C(CC(=O)C1CC=CCCCC(=O)O)O)O,1
307,Dioxane,C1COCCO1,1
308,Diphenhydramine,CN(C)CCOC(c1ccccc1)c2ccccc2,0
309,Diphenidol,c1ccc(cc1)C(CCCN2CCCCC2)(c3ccccc3)O,0
310,Diphenyl,c1ccc(cc1)Sc2ccccc2,1
311,Dipivefrin,CC(C)(C)C(=O)Oc1ccc(cc1OC(=O)C(C)(C)C)C(CNC)O,0
312,Dipyridamole,C1CCN(CC1)c2c3c(c(nc(n3)N(CCO)CCO)N4CCCCC4)nc(n2)N(CCO)CCO,0
313,Diquat dibromide,c1cc[n+]2c(c1)-c3cccc[n+]3CC2,1
314,Dirithromycin,CCC1C(C2C(C(C(CC(C(C(C(C(C(=O)O1)C)OC3CC(C(C(O3)C)O)(C)OC)C)OC4C(C(CC(O4)C)N(C)C)O)(C)O)C)NC(O2)COCCOC)C)(C)O,1
315,Disopyramide,CC(C)N(CCC(c1ccccc1)(c2ccccn2)C(=O)N)C(C)C,1
316,Disulfiram,CCN(CC)C(=S)SSC(=S)N(CC)CC,1
317,Disul-sodium,c1cc(c(cc1Cl)Cl)OCCOS(=O)(=O)O,1
318,Dobutamine,CC(CCc1ccc(cc1)O)NCCc2ccc(c(c2)O)O,0
319,Docetaxel,CC1=C2C(C(=O)C3(C(CC4C(C3C(C(C2(C)C)(CC1OC(=O)C(C(c5ccccc5)NC(=O)OC(C)(C)C)O)O)OC(=O)c6ccccc6)(CO4)OC(=O)C)O)C)O,1
320,Dofetilide,CN(CCc1ccc(cc1)NS(=O)(=O)C)CCOc2ccc(cc2)NS(=O)(=O)C,0
321,Dolasetron,c1ccc2c(c1)c(c[nH]2)C(=O)OC3CC4CC5CC(C3)N4CC5=O,1
322,Doripenem,CC1C2C(C(=O)N2C(=C1SC3CC(NC3)CNS(=O)(=O)N)C(=O)O)C(C)O,1
323,Dorzolamide,CCNC1CC(S(=O)(=O)c2c1cc(s2)S(=O)(=O)N)C,0
324,Doxacurium,C[N+]1(CCc2cc(c(c(c2C1Cc3cc(c(c(c3)OC)OC)OC)OC)OC)OC)CCCOC(=O)CCC(=O)OCCC[N+]4(CCc5cc(c(c(c5C4Cc6cc(c(c(c6)OC)OC)OC)OC)OC)OC)C,0
325,Doxapram,CCN1CC(C(C1=O)(c2ccccc2)c3ccccc3)CCN4CCOCC4,1
326,Doxazosin,COc1cc2c(cc1OC)nc(nc2N)N3CCN(CC3)C(=O)C4COc5ccccc5O4,1
327,Doxercalciferol,CC(C)C(C)C=CC(C)C1CCC2C1(CCCC2=CC=C3CC(CC(C3=C)O)O)C,0
328,Doxycycline,CC1c2cccc(c2C(=C3C1C(C4C(C(=O)C(=C(N)O)C(=O)C4(C3=O)O)N(C)C)O)O)O,1
329,Doxylamine,CC(c1ccccc1)(c2ccccn2)OCCN(C)C,0
330,Droloxifene,CCC(=C(c1ccc(cc1)OCCN(C)C)c2cccc(c2)O)c3ccccc3,1
331,Dronabinol,CCCCCc1cc(c2c(c1)OC(C3C2C=C(CC3)C)(C)C)O,0
332,Droperidol,c1ccc2c(c1)[nH]c(=O)n2C3=CCN(CC3)CCCC(=O)c4ccc(cc4)F,0
333,Dyclonine,CCCCOc1ccc(cc1)C(=O)CCN2CCCCC2,0
334,Dyphylline,Cn1c2c(c(=O)n(c1=O)C)n(cn2)CC(CO)O,0
335,Ebrotidine,c1cc(ccc1S(=O)(=O)NC=NCCSCc2csc(n2)N=C(N)N)Br,1
336,Echothiophate,CCOP(=O)(OCC)SCC[N+](C)(C)C,0
337,Edatrexate,CCC(Cc1cnc2c(n1)c(nc(n2)N)N)c3ccc(cc3)C(=O)NC(CCC(=O)O)C(=O)O,1
338,Edetate disodium,C(CN(CC(=O)O)CC(=O)O)N(CC(=O)O)CC(=O)O,0
339,Eflornithine,C(CC(C(F)F)(C(=O)O)N)CN,0
340,Eletriptan,CN1CCCC1Cc2c[nH]c3c2cc(cc3)CCS(=O)(=O)c4ccccc4,0
341,Eltrombopag,Cc1ccc(cc1C)n2c(=O)c(c([nH]2)C)NN=C3C=CC=C(C3=O)c4cccc(c4)C(=O)O,1
342,Emedastine,CCOCCn1c2ccccc2nc1N3CCCN(CC3)C,1
343,Emtricitabine,c1c(c(nc(=O)n1C2CSC(O2)CO)N)F,1
344,Enalapril,CCOC(=O)C(CCc1ccccc1)NC(C)C(=O)N2CCCC2C(=O)O,1
345,Enflurane,C(C(OC(F)F)(F)F)(F)Cl,1
346,Enoxacin,CCn1cc(c(=O)c2c1nc(c(c2)F)N3CCNCC3)C(=O)O,1
347,Enoximone,Cc1c([nH]c(=O)[nH]1)C(=O)c2ccc(cc2)SC,1
348,Entacapone,CCN(CC)C(=O)C(=Cc1cc(c(c(c1)O)O)N(=O)=O)C#N,1
349,Entecavir,C=C1C(CC(C1CO)O)n2cnc3c2[nH]c(nc3=O)N,1
350,Epalrestat,CC(=Cc1ccccc1)C=C2C(=O)N(C(=S)S2)CC(=O)O,1
351,Epinastine,c1ccc2c(c1)Cc3ccccc3N4C2CN=C4N,0
352,Epinephrine,CNCC(c1ccc(c(c1)O)O)O,0
353,Eplerenone,CC12CCC(=O)C=C1CC(C3C24C(O4)CC5(C3CCC56CCC(=O)O6)C)C(=O)OC,1
354,Epoprostenol,CCCCCC(C=CC1C(CC2C1CC(=CCCCC(=O)O)O2)O)O,0
355,Eprosartan,CCCCc1ncc(n1Cc2ccc(cc2)C(=O)O)C=C(Cc3cccs3)C(=O)O,0
356,Eptifibatide,c1ccc2c(c1)c(c[nH]2)CC3C(=O)N4CCCC4C(=O)NC(CSSCCC(=O)NC(C(=O)NCC(=O)NC(C(=O)N3)CC(=O)O)CCCCN=C(N)N)C(=O)N,0
357,Ergoloid mesylates,CCC(C)(C)C1C(=O)N2CCCC2C3(N1C(=O)C(O3)(C(C)C)NC(=O)C4CC5c6cccc7c6c(c[nH]7)CC5N(C4)C)O,0
358,Ergotamine,CC1(C(=O)N2C(C(=O)N3CCCC3C2(O1)O)Cc4ccccc4)NC(=O)C5CN(C6Cc7c[nH]c8c7c(ccc8)C6=C5)C,0
359,Erlotinib,COCCOc1cc2c(cc1OCCOC)ncnc2Nc3cccc(c3)C#C,1
360,Ertapenem,CC1C2C(C(=O)N2C(=C1SC3CC(NC3)C(=O)Nc4cccc(c4)C(=O)O)C(=O)O)C(C)O,1
361,Erythromycin,CCC1C(C(C(C(=O)C(CC(C(C(C(C(C(=O)O1)C)OC2CC(C(C(O2)C)O)(C)OC)C)OC3C(C(CC(O3)C)N(C)C)O)(C)O)C)C)O)(C)O,1
362,Escitalopram,CN(C)CCCC1(c2ccc(cc2CO1)C#N)c3ccc(cc3)F,1
363,Esmolol,CC(C)NCC(COc1ccc(cc1)CCC(=O)OC)O,0
364,Estazolam,c1ccc(cc1)C2=NCc3nncn3-c4c2cc(cc4)Cl,0
365,Estradiol,CC12CCC3c4ccc(cc4CCC3C1CCC2O)O,1
366,Estramustine,CC12CCC3c4ccc(cc4CCC3C1CCC2O)OC(=O)N(CCCl)CCCl,1
367,Etanidazole,c1cn(c(n1)N(=O)=O)CC(=O)NCCO,1
368,Ethambutol,CCC(CO)NCCNC(CC)CO,1
369,Ethanol,CCO,1
370,Ethchlorvynol,CCC(C=CCl)(C#C)O,1
371,Ethinamate,C#CC1(CCCCC1)OC(=O)N,0
372,Ethionamide,CCc1cc(ccn1)C(=S)N,1
373,Ethosuximide,CCC1(CC(=O)NC1=O)C,0
374,Ethyl bromide,CCBr,1
375,Ethyl chloride,CCCl,1
376,Ethylene chlorohydrin,C(CCl)O,1
377,Ethylene dibromide,C(CBr)Br,1
378,Ethylene dichloride,C(CCl)Cl,1
379,Ethylenimine,C1CN1,1
380,Etidocaine,CCCN(CC)C(CC)C(=O)Nc1c(cccc1C)C,0
381,Etidronate,CC(O)(P(=O)(O)O)P(=O)(O)O,0
382,Etodolac,CCc1cccc2c1[nH]c3c2CCOC3(CC)CC(=O)O,1
383,Etomidate,CCOC(=O)c1cncn1C(C)c2ccccc2,0
384,Etonogestrel,CCC12CC(=C)C3C(C1CCC2(C#C)O)CCC4=CC(=O)CCC34,1
385,Etoposide,CC1OCC2C(O1)C(C(C(O2)OC3c4cc5c(cc4C(C6C3COC6=O)c7cc(c(c(c7)OC)O)OC)OCO5)O)O,1
386,Etravirine,Cc1cc(cc(c1Oc2c(c(nc(n2)Nc3ccc(cc3)C#N)N)Br)C)C#N,1
387,Exemestane,CC12CCC3C(C1CCC2=O)CC(=C)C4=CC(=O)C=CC34C,0
388,Exisulind,CC1=C(c2cc(ccc2C1=Cc3ccc(cc3)S(=O)(=O)C)F)CC(=O)O,1
389,Ezetimibe,c1cc(ccc1C2C(C(=O)N2c3ccc(cc3)F)CCC(c4ccc(cc4)F)O)O,1
390,Famciclovir,CC(=O)OCC(CCn1cnc2c1nc(nc2)N)COC(=O)C,1
391,Famotidine,c1c(nc(s1)N=C(N)N)CSCCC(=NS(=O)(=O)N)N,1
392,Felodipine,CCOC(=O)C1=C(NC(=C(C1c2cccc(c2Cl)Cl)C(=O)OC)C)C,0
393,Fenbufen,c1ccc(cc1)c2ccc(cc2)C(=O)CCC(=O)O,1
394,Fenofibrate,CC(C)OC(=O)C(C)(C)Oc1ccc(cc1)C(=O)c2ccc(cc2)Cl,1
395,Fenoldopam,c1cc(ccc1C2CNCCc3c2cc(c(c3Cl)O)O)O,1
396,Fenretinide,CC1=C(C(CCC1)(C)C)C=CC(=CC=CC(=CC(=O)Nc2ccc(cc2)O)C)C,1
397,Fentanyl,CCC(=O)N(c1ccccc1)C2CCN(CC2)CCc3ccccc3,0
398,Fentiazac,c1ccc(cc1)c2nc(c(s2)CC(=O)O)c3ccc(cc3)Cl,1
399,Fesoterodine,CC(C)C(=O)Oc1ccc(cc1C(CCN(C(C)C)C(C)C)c2ccccc2)CO,0
400,Fialuridine,c1c(c(=O)[nH]c(=O)n1C2C(C(C(O2)CO)O)F)I,1
401,Finasteride,CC12CCC3C(C1CCC2C(=O)NC(C)(C)C)CCC4C3(C=CC(=O)N4)C,0
402,Flavoxate,Cc1c(=O)c2cccc(c2oc1c3ccccc3)C(=O)OCCN4CCCCC4,0
403,Flecainide,c1cc(c(cc1OCC(F)(F)F)C(=O)NCC2CCCCN2)OCC(F)(F)F,0
404,Fleroxacin,CN1CCN(CC1)c2c(cc3c(c2F)n(cc(c3=O)C(=O)O)CCF)F,1
405,Flomoxef,COC1(C2N(C1=O)C(=C(CO2)CSc3nnnn3CCO)C(=O)O)NC(=O)CSC(F)F,1
406,Floxuridine,c1c(c(=O)[nH]c(=O)n1C2CC(C(O2)CO)O)F,1
407,Fluconazole,c1cc(c(cc1F)F)C(Cn2cncn2)(Cn3cncn3)O,1
408,Flucytosine,c1c(c([nH]c(=O)n1)N)F,1
409,Fludrocortisone,CC12CCC(=O)C=C1CCC3C2(C(CC4(C3CCC4(C(=O)CO)O)C)O)F,0
410,Flumazenil,CCOC(=O)c1c2n(cn1)-c3ccc(cc3C(=O)N(C2)C)F,0
411,Flumequine,CC1CCc2cc(cc3c2n1cc(c3=O)C(=O)O)F,1
412,Flumethasone,CC1CC2C3CC(C4=CC(=O)C=CC4(C3(C(CC2(C1(C(=O)CO)O)C)O)F)C)F,0
413,Flumethasone,CC1CC2C3CC(C4=CC(=O)C=CC4(C3(C(CC2(C1(C(=O)CO)O)C)O)F)C)F,0
414,Flunarizine,c1ccc(cc1)C=CCN2CCN(CC2)C(c3ccc(cc3)F)c4ccc(cc4)F,0
415,Fluocinolone,CC1(OC2CC3C4CC(C5=CC(=O)C=CC5(C4(C(CC3(C2(O1)C(=O)CO)C)O)F)C)F)C,0
416,Fluocinonide,CC(=O)OCC(=O)C12C(CC3C1(CC(C4(C3CC(C5=CC(=O)C=CC54C)F)F)O)C)OC(O2)(C)C,0
417,Fluorometholone,CC1CC2C3CCC(C3(CC(C2(C4(C1=CC(=O)C=C4)C)F)O)C)(C(=O)C)O,0
418,Fluorouracil,c1c(c(=O)[nH]c(=O)[nH]1)F,1
419,Fluoxetine,CNCCC(c1ccccc1)Oc2ccc(cc2)C(F)(F)F,1
420,Fluoxymesterone,CC12CCC(=O)C=C1CCC3C2(C(CC4(C3CCC4(C)O)C)O)F,1
421,Fluphenazine,c1ccc2c(c1)N(c3cc(ccc3S2)C(F)(F)F)CCCN4CCN(CC4)CCO,1
422,Flurandrenolide,CC1(OC2CC3C4CC(C5=CC(=O)CCC5(C4C(CC3(C2(O1)C(=O)CO)C)O)C)F)C,0
423,Flurazepam,CCN(CC)CCN1c2ccc(cc2C(=NCC1=O)c3ccccc3F)Cl,1
424,Flurbiprofen,CC(c1ccc(c(c1)F)c2ccccc2)C(=O)O,1
425,Fluticasone,CC1CC2C3CC(C4=CC(=O)C=CC4(C3(C(CC2(C1(C(=O)SCF)O)C)O)F)C)F,0
426,Fluvastatin,CC(C)n1c2ccccc2c(c1C=CC(CC(CC(=O)O)O)O)c3ccc(cc3)F,1
427,Fluvoxamine,COCCCCC(=NOCCN)c1ccc(cc1)C(F)(F)F,1
428,Folic acid,c1cc(ccc1C(=O)NC(CCC(=O)O)C(=O)O)NCc2cnc3c(n2)c(=O)nc([nH]3)N,0
429,Fomepizole,Cc1c[nH]nc1,1
430,Fondaparinux,COC1C(C(C(C(O1)COS(=O)(=O)O)OC2C(C(C(C(O2)C(=O)O)OC3C(C(C(C(O3)COS(=O)(=O)O)OC4C(C(C(C(O4)C(=O)O)OC5C(C(C(C(O5)COS(=O)(=O)O)O)O)NS(=O)(=O)O)O)O)OS(=O)(=O)O)NS(=O)(=O)O)O)OS(=O)(=O)O)O)NS(=O)(=O)O,1
431,Formestane,CC12CCC(=O)C(=C1CCC3C2CCC4(C3CCC4=O)C)O,0
432,Formoterol,CC(Cc1ccc(cc1)OC)NCC(c2ccc(c(c2)NC=O)O)O,0
433,Fosamprenavir,CC(C)CN(CC(C(Cc1ccccc1)NC(=O)OC2CCOC2)OP(=O)(O)O)S(=O)(=O)c3ccc(cc3)N,1
434,Fosaprepitant,CC(c1cc(cc(c1)C(F)(F)F)C(F)(F)F)OC2C(N(CCO2)Cc3[nH]n(c(=O)n3)P(=O)(O)O)c4ccc(cc4)F,1
435,Foscarnet,C(=O)(O)P(=O)(O)O,1
436,Fosfomycin,CC1C(O1)P(=O)(O)O,1
437,Fosinopril,CCC(=O)OC(C(C)C)OP(=O)(CCCCc1ccccc1)CC(=O)N2CC(CC2C(=O)O)C3CCCCC3,1
438,Fosphenytoin,c1ccc(cc1)C2(C(=O)N(C(=O)N2)COP(=O)(O)O)c3ccccc3,0
439,Fospropofol,CC(C)c1cccc(c1OCOP(=O)(O)O)C(C)C,0
440,Fotemustine,CCOP(=O)(C(C)NC(=O)N(CCCl)N=O)OCC,1
441,Frovatriptan,CNC1CCc2c(c3cc(ccc3[nH]2)C(=O)N)C1,0
442,Fulvestrant,CC12CCC3c4ccc(cc4CC(C3C1CCC2O)CCCCCCCCCS(=O)CCCC(C(F)(F)F)(F)F)O,0
443,Furazolidone,c1cc(oc1C=NN2CCOC2=O)N(=O)=O,1
444,Furosemide,c1cc(oc1)CNc2cc(c(cc2C(=O)O)S(=O)(=O)N)Cl,1
445,Fusidic,CC1C2CCC3(C(C2(CCC1O)C)C(CC4C3(CC(C4=C(CCC=C(C)C)C(=O)O)OC(=O)C)C)O)C,1
446,Gabapentin,C1CCC(CC1)(CC(=O)O)CN,1
447,Gabexate,CCOC(=O)c1ccc(cc1)OC(=O)CCCCCN=C(N)N,1
448,Gadodiamide,CNC(=O)CN(CCN(CCN(CC(=O)NC)CC(=O)O)CC(=O)O)CC(=O)O,0
449,Gadofosveset,c1ccc(cc1)C2(CCC(CC2)OP(=O)(O)OCC(CN(CCN(CC(=O)O)CC(=O)O)CC(=O)O)N(CC(=O)O)CC(=O)O)c3ccccc3,1
450,Gadopentetic acid,C(CN(CC(=O)O)CC(=O)O)N(CCN(CC(=O)O)CC(=O)O)CC(=O)O,1
451,Gadoteridol,CC(CN1CCN(CCN(CCN(CC1)CC(=O)O)CC(=O)O)CC(=O)O)O,0
452,Gadoversetamide,COCCNC(=O)CN(CCN(CCN(CC(=O)NCCOC)CC(=O)O)CC(=O)O)CC(=O)O,0
453,Gadoxetate,CCOc1ccc(cc1)CC(CN(CCN(CC(=O)O)CC(=O)O)CC(=O)O)N(CC(=O)O)CC(=O)O,1
454,Gallamine,CC[N+](CC)(CC)CCOc1cccc(c1OCC[N+](CC)(CC)CC)OCC[N+](CC)(CC)CC,0
455,Gamma hydroxybutyrate,C(CC(=O)O)CO,0
456,Ganciclovir,c1nc2c(n1COC(CO)CO)[nH]c(nc2=O)N,1
457,Gatifloxacin,CC1CN(CCN1)c2c(cc3c(c2OC)n(cc(c3=O)C(=O)O)C4CC4)F,1
458,Gefitinib,COc1cc2c(cc1OCCCN3CCOCC3)c(ncn2)Nc4ccc(c(c4)Cl)F,1
459,Gemcitabine,c1cn(c(=O)nc1N)C2C(C(C(O2)CO)O)(F)F,1
460,Gemifloxacin,CON=C1CN(CC1CN)c2c(cc3c(=O)c(cn(c3n2)C4CC4)C(=O)O)F,1
461,Gentamicin,CC1(COC(C(C1NC)O)OC2C(CC(C(C2O)OC3C(CCC(O3)CN)N)N)N)O,0
462,Gentian violet,CN(C)c1ccc(cc1)C(=C2C=CC(=[N+](C)C)C=C2)c3ccc(cc3)N(C)C,0
463,Gliclazide,Cc1ccc(cc1)S(=O)(=O)NC(=O)NN2CC3CCCC3C2,1
464,Glimepiride,CCC1=C(CN(C1=O)C(=O)NCCc2ccc(cc2)S(=O)(=O)NC(=O)NC3CCC(CC3)C)C,1
465,Glutethimide,CCC1(CCC(=O)NC1=O)c2ccccc2,0
466,Glyburide,COc1ccc(cc1C(=O)NCCc2ccc(cc2)S(=O)(=O)NC(=O)NC3CCCCC3)Cl,1
467,Glycopyrrolate,C[N+]1(CCC(C1)OC(=O)C(c2ccccc2)(C3CCCC3)O)C,0
468,Gonadorelin,CC(C)CC(C(=O)NC(CCCN=C(N)N)C(=O)N1CCCC1C(=O)NCC(=O)N)NC(=O)CNC(=O)C(Cc2ccc(cc2)O)NC(=O)C(CO)NC(=O)C(Cc3c[nH]c4c3cccc4)NC(=O)C(Cc5cnc[nH]5)NC(=O)C6CCC(=O)N6,0
469,Goserelin,CC(C)CC(C(=O)NC(CCCN=C(N)N)C(=O)N1CCCC1C(=O)NNC(=O)N)NC(=O)C(COC(C)(C)C)NC(=O)C(Cc2ccc(cc2)O)NC(=O)C(CO)NC(=O)C(Cc3c[nH]c4c3cccc4)NC(=O)C(Cc5cnc[nH]5)NC(=O)C6CCC(=O)N6,0
470,Grepafloxacin,Cc1c2c(cc(c1F)N3CCNC(C3)C)n(cc(c2=O)C(=O)O)C4CC4,1
471,Griseofulvin,CC1CC(=O)C=C(C12C(=O)c3c(cc(c(c3O2)Cl)OC)OC)OC,1
472,Guaifenesin,COc1ccccc1OCC(CO)O,0
473,Guanabenz,c1cc(c(c(c1)Cl)C=NN=C(N)N)Cl,1
474,Guanadrel,C1CCC2(CC1)OCC(O2)CN=C(N)N,0
475,Guanethidine,C1CCCN(CCC1)CCN=C(N)N,0
476,Guanfacine,c1cc(c(c(c1)Cl)CC(=O)N=C(N)N)Cl,1
477,Gusperimus,C(CCCN=C(N)N)CCC(=O)NC(C(=O)NCCCCNCCCN)O,0
478,Halazepam,c1ccc(cc1)C2=NCC(=O)N(c3c2cc(cc3)Cl)CC(F)(F)F,0
479,Halobetasol,CCC(=O)OC1(C(CC2C1(CC(C3(C2CC(C4=CC(=O)C=CC43C)F)F)O)C)C)C(=O)CCl,0
480,Halofantrine,CCCCN(CCCC)CCC(c1cc2c(cc(cc2Cl)Cl)c3c1ccc(c3)C(F)(F)F)O,1
481,Halothane,C(C(F)(F)F)(Cl)Br,1
482,Heparin,CC(=O)NC1C(C(C(OC1O)COS(=O)(=O)O)OC2C(C(C(C(O2)C(=O)O)OC3C(C(C(C(O3)CO)OC4C(C(C(C(O4)C(=O)O)O)O)OS(=O)(=O)O)OS(=O)(=O)O)NS(=O)(=O)O)O)OS(=O)(=O)O)O,1
483,Heptachlor,C1=CC(C2C1C3(C(=C(C2(C3(Cl)Cl)Cl)Cl)Cl)Cl)Cl,1
484,Hexachlorophene,c1c(c(c(c(c1Cl)Cl)Cc2c(c(cc(c2Cl)Cl)Cl)O)O)Cl,0
485,Histamine,c1c([nH]cn1)CCN,0
486,Homatropine,CN1C2CCC1CC(C2)OC(=O)C(c3ccccc3)O,0
487,Homoharringtonine,CC(C)(CCCC(CC(=O)OC)(C(=O)OC1C2c3cc4c(cc3CCN5C2(CCC5)C=C1OC)OCO4)O)O,1
488,Hyaluronidase,c1cc(oc1)CNc2c3c(nc[nH]3)ncn2,0
489,Hydralazine,c1ccc2c(c1)cnnc2NN,1
490,Hydrochlorothiazide,c1c2c(cc(c1Cl)S(=O)(=O)N)S(=O)(=O)NCN2,1
491,Hydromorphone,CN1CCC23c4c5ccc(c4OC2C(=O)CCC3C1C5)O,0
492,Hydroquinidine,CCC1CN2CCC1CC2C(c3ccnc4c3cc(cc4)OC)O,1
493,Hydroxychloroquine,CCN(CCCC(C)Nc1ccnc2c1ccc(c2)Cl)CCO,0
494,Hydroxyurea,C(=O)(N)NO,1
495,Hydroxyzine,c1ccc(cc1)C(c2ccc(cc2)Cl)N3CCN(CC3)CCOCCO,0
496,Ibandronate,CCCCCN(C)CCC(O)(P(=O)(O)O)P(=O)(O)O,1
497,Ibufenac,CC(C)Cc1ccc(cc1)CC(=O)O,1
498,Idarubicin,CC1C(C(CC(O1)OC2CC(Cc3c2c(c4c(c3O)C(=O)c5ccccc5C4=O)O)(C(=O)C)O)N)O,1
499,Idoxuridine,c1c(c(=O)[nH]c(=O)n1C2CC(C(O2)CO)O)I,1
500,Ifosfamide,C1CN(P(=O)(OC1)NCCCl)CCCl,1
501,Iloprost,CC#CCC(C)C(C=CC1C(CC2C1CC(=CCCCC(=O)O)C2)O)O,1
502,Imatinib,Cc1ccc(cc1Nc2nccc(n2)c3cccnc3)NC(=O)c4ccc(cc4)CN5CCN(CC5)C,1
503,Imidapril,CCOC(=O)C(CCc1ccccc1)NC(C)C(=O)N2C(CN(C2=O)C)C(=O)O,1
504,Imipramine,CN(C)CCCN1c2ccccc2CCc3c1cccc3,1
505,Imiquimod,CC(C)Cn1cnc2c1c3ccccc3nc2N,1
506,Inamrinone,c1cnccc1c2cc(c(=O)[nH]c2)N,1
507,Indene,c1ccc2c(c1)CC=C2,1
508,Indinavir,CC(C)(C)NC(=O)C1CN(CCN1CC(CC(Cc2ccccc2)C(=O)NC3c4ccccc4CC3O)O)Cc5cccnc5,1
509,Indocyanine green,CC1(c2c3ccccc3ccc2[N+](=C1C=CC=CC=CC=C4C(c5c6ccccc6ccc5N4CCCCS(=O)(=O)O)(C)C)CCCCS(=O)(=O)O)C,0
510,Indomethacin,Cc1c(c2cc(ccc2n1C(=O)c3ccc(cc3)Cl)OC)CC(=O)O,1
511,Iobenguane i 131,c1cc(cc(c1)I)CN=C(N)N,1
512,Iobitridol,CN(CC(CO)O)C(=O)c1c(c(c(c(c1I)NC(=O)C(CO)CO)I)C(=O)N(C)CC(CO)O)I,0
513,Iocetamic acid,CC(CN(c1c(cc(c(c1I)N)I)I)C(=O)C)C(=O)O,0
514,Iodipamide,c1c(c(c(c(c1I)NC(=O)CCCCC(=O)Nc2c(cc(c(c2I)C(=O)O)I)I)I)C(=O)O)I,1
515,Iodixanol,CC(=O)N(CC(CN(c1c(c(c(c(c1I)C(=O)NCC(CO)O)I)C(=O)NCC(CO)O)I)C(=O)C)O)c2c(c(c(c(c2I)C(=O)NCC(CO)O)I)C(=O)NCC(CO)O)I,0
516,Iohexol,CC(=O)N(CC(CO)O)c1c(c(c(c(c1I)C(=O)NCC(CO)O)I)C(=O)NCC(CO)O)I,0
517,Iopamidol,CC(C(=O)Nc1c(c(c(c(c1I)C(=O)NC(CO)CO)I)C(=O)NC(CO)CO)I)O,0
518,Iopanoic acid,CCC(Cc1c(cc(c(c1I)N)I)I)C(=O)O,0
519,Iotrolan,CN(c1c(c(c(c(c1I)C(=O)NC(CO)C(CO)O)I)C(=O)NC(CO)C(CO)O)I)C(=O)CC(=O)N(C)c2c(c(c(c(c2I)C(=O)NC(CO)C(CO)O)I)C(=O)NC(CO)C(CO)O)I,0
520,Ioversol,C(CO)N(c1c(c(c(c(c1I)C(=O)NCC(CO)O)I)C(=O)NCC(CO)O)I)C(=O)CO,0
521,Ioxilan,CC(=O)N(CC(CO)O)c1c(c(c(c(c1I)C(=O)NCC(CO)O)I)C(=O)NCCO)I,0
522,Ipodate,CN(C)C=Nc1c(cc(c(c1I)CCC(=O)O)I)I,0
523,Irbesartan,CCCCC1=NC2(CCCC2)C(=O)N1Cc3ccc(cc3)c4ccccc4c5n[nH]nn5,1
524,Irinotecan,CCc1c2cc(ccc2nc-3c1Cn4c3cc5c(c4=O)COC(=O)C5(CC)O)OC(=O)N6CCC(CC6)N7CCCCC7,1
525,Isepamicin,CC1(COC(C(C1NC)O)OC2C(CC(C(C2O)OC3C(C(C(C(O3)CN)O)O)O)N)NC(=O)C(CN)O)O,1
526,Isocarboxazid,Cc1cc(no1)C(=O)NNCc2ccccc2,1
527,Isoetharine,CCC(C(c1ccc(c(c1)O)O)O)NC(C)C,0
528,Isoflurane,C(C(F)(F)F)(OC(F)F)Cl,1
529,Isoflurophate,CC(C)OP(=O)(OC(C)C)F,0
530,Isosorbide dinitrate,C1C(C2C(O1)C(CO2)ON(=O)=O)ON(=O)=O,0
531,Isradipine,CC1=C(C(C(=C(N1)C)C(=O)OC(C)C)c2cccc3c2non3)C(=O)OC,1
532,Itraconazole,CCC(C)n1c(=O)n(cn1)c2ccc(cc2)N3CCN(CC3)c4ccc(cc4)OCC5COC(O5)(Cn6cncn6)c7ccc(cc7Cl)Cl,1
533,Ivermectin,CCC(C)C1C(CCC2(O1)CC3CC(O2)CC=C(C(C(C=CC=C4COC5C4(C(C=C(C5O)C)C(=O)O3)O)C)OC6CC(C(C(O6)C)OC7CC(C(C(O7)C)O)OC)OC)C)C,1
534,Ixabepilone,Cc1nc(cs1)C=C(C)C2CC3C(O3)(CCCC(C(C(C(=O)C(C(CC(=O)N2)O)(C)C)C)O)C)C,0
535,Josamycin,CC1CC=CC=CC(C(CC(C(C(C(CC(=O)O1)OC(=O)C)OC)OC2C(C(C(C(O2)C)OC3CC(C(C(O3)C)OC(=O)CC(C)C)(C)O)N(C)C)O)CC=O)C)O,1
536,Kanamycin,C1C(C(C(C(C1N)OC2C(C(C(C(O2)CN)O)O)O)O)OC3C(C(C(C(O3)CO)O)N)O)N,0
537,Ketamine,CNC1(CCCCC1=O)c2ccccc2Cl,0
538,Ketoprofen,CC(c1cccc(c1)C(=O)c2ccccc2)C(=O)O,1
539,Ketorolac,c1ccc(cc1)C(=O)c2ccc3n2CCC3C(=O)O,1
540,Ketotifen,CN1CCC(=C2c3ccccc3CC(=O)c4c2ccs4)CC1,0
541,Labetalol,CC(CCc1ccccc1)NCC(c2ccc(c(c2)C(=O)N)O)O,1
542,Lacidipine,CCOC(=O)C1=C(NC(=C(C1c2ccccc2C=CC(=O)OC(C)(C)C)C(=O)OCC)C)C,1
543,Lamivudine,c1cn(c(=O)nc1N)C2CSC(O2)CO,1
544,Lanreotide,CC(C)C1C(=O)NC(CSSCC(C(=O)NC(C(=O)NC(C(=O)NC(C(=O)N1)CCCCN)Cc2c[nH]c3c2cccc3)Cc4ccc(cc4)O)NC(=O)C(Cc5ccc6ccccc6c5)N)C(=O)NC(C(C)O)C(=O)N,0
545,Lapatinib,CS(=O)(=O)CCNCc1ccc(o1)c2ccc3c(c2)c(ncn3)Nc4ccc(c(c4)Cl)OCc5cccc(c5)F,1
546,Latanoprost,CC(C)OC(=O)CCCC=CCC1C(CC(C1CCC(CCc2ccccc2)O)O)O,0
547,Lazabemide,c1cc(ncc1Cl)C(=O)NCCN,1
548,Leflunomide,Cc1c(cno1)C(=O)Nc2ccc(cc2)C(F)(F)F,1
549,Lenalidomide,c1cc2c(c(c1)N)CN(C2=O)C3CCC(=O)NC3=O,1
550,Leuprolide,CCNC(=O)C1CCCN1C(=O)C(CCCN=C(N)N)NC(=O)C(C(C)C)NC(=O)C(C(C)C)NC(=O)C(Cc2ccc(cc2)O)NC(=O)C(CO)NC(=O)C(Cc3c[nH]c4c3cccc4)NC(=O)C(Cc5cnc[nH]5)NC(=O)C6CCC(=O)N6,1
551,Levamisole,c1ccc(cc1)C2CN3CCSC3=N2,1
552,Levetiracetam,CCC(C(=O)N)N1CCCC1=O,1
553,Levocabastine,CC1CN(CCC1(c2ccccc2)C(=O)O)C3CCC(CC3)(C#N)c4ccc(cc4)F,0
554,Levocetirizine,c1ccc(cc1)C(c2ccc(cc2)Cl)N3CCN(CC3)CCOCC(=O)O,1
555,Levofloxacin,CC1COc2c3n1cc(c(=O)c3cc(c2N4CCN(CC4)C)F)C(=O)O,1
556,Levoleucovorin,c1cc(ccc1C(=O)NC(CCC(=O)O)C(=O)O)NCC2CNc3c(c(=O)nc([nH]3)N)N2C=O,0
557,Levoleucovorin,c1cc(ccc1C(=O)NC(CCC(=O)O)C(=O)O)NCC2CNc3c(c(=O)nc([nH]3)N)N2C=O,0
558,Levonorgestrel,CCC12CCC3C(C1CCC2(C#C)O)CCC4=CC(=O)CCC34,1
559,Levorphanol,CN1CCC23CCCCC2C1Cc4c3cc(cc4)O,0
560,Liarozole,c1cc(cc(c1)Cl)C(c2ccc3c(c2)[nH]cn3)n4ccnc4,1
561,Lindane,C1(C(C(C(C(C1Cl)Cl)Cl)Cl)Cl)Cl,0
562,Linezolid,CC(=O)NCC1CN(C(=O)O1)c2ccc(c(c2)F)N3CCOCC3,1
563,Liothyronine,c1cc(c(cc1Oc2c(cc(cc2I)CC(C(=O)O)N)I)I)O,0
564,Lisdexamfetamine,CC(Cc1ccccc1)NC(=O)C(CCCCN)N,0
565,Lisinopril,c1ccc(cc1)CCC(C(=O)O)NC(CCCCN)C(=O)N2CCCC2C(=O)O,1
566,Lodoxamide,c1c(cc(c(c1NC(=O)C(=O)O)Cl)NC(=O)C(=O)O)C#N,0
567,Lofepramine,CN(CCCN1c2ccccc2CCc3c1cccc3)CC(=O)c4ccc(cc4)Cl,1
568,Lomefloxacin,CCn1cc(c(=O)c2c1c(c(c(c2)F)N3CCNC(C3)C)F)C(=O)O,0
569,Lomustine,C1CCC(CC1)NC(=O)N(CCCl)N=O,0
570,Lonidamine,c1ccc2c(c1)c(nn2Cc3ccc(cc3Cl)Cl)C(=O)O,1
571,Loperamide,CN(C)C(=O)C(CCN1CCC(CC1)(c2ccc(cc2)Cl)O)(c3ccccc3)c4ccccc4,0
572,Loracarbef,c1ccc(cc1)C(C(=O)NC2C3CCC(=C(N3C2=O)C(=O)O)Cl)N,1
573,Lorazepam,c1ccc(c(c1)C2=NC(C(=O)Nc3c2cc(cc3)Cl)O)Cl,1
574,Losartan,CCCCc1nc(c(n1Cc2ccc(cc2)c3ccccc3c4n[nH]nn4)CO)Cl,1
575,Loteprednol,CC12CC(C3C(C1CCC2(C(=O)OCCl)O)CCC4=CC(=O)C=CC34C)O,0
576,Lovastatin,CCC(C)C(=O)OC1CC(C=C2C1C(C(C=C2)C)CCC3CC(CC(=O)O3)O)C,1
577,Loxapine,CN1CCN(CC1)C2=Nc3ccccc3Oc4c2cc(cc4)Cl,1
578,Lubiprostone,CCCCC(C1(CCC2C(O1)CC(=O)C2CCCCCCC(=O)O)O)(F)F,0
579,Lypressin,c1ccc(cc1)CC2C(=O)NC(C(=O)NC(C(=O)NC(CSSCC(C(=O)NC(C(=O)N2)Cc3ccc(cc3)O)N)C(=O)N4CCCC4C(=O)NC(CCCCN)C(=O)NCC(=O)N)CC(=O)N)CCC(=O)N,0
580,Mafenide,c1cc(ccc1CN)S(=O)(=O)N,0
581,Mangafodipir,Cc1c(c(c(cn1)COP(=O)(O)O)CN(CCN(Cc2c(cnc(c2O)C)COP(=O)(O)O)CC(=O)O)CC(=O)O)O,1
582,Maraviroc,Cc1nnc(n1C2CC3CCC(C2)N3CCC(c4ccccc4)NC(=O)C5CCC(CC5)(F)F)C(C)C,1
583,Marimastat,CC(C)CC(C(C(=O)NO)O)C(=O)NC(C(=O)NC)C(C)(C)C,1
584,Mazindol,c1ccc2c(c1)C3=NCCN3C2(c4ccc(cc4)Cl)O,0
585,Mebendazole,COC(=O)Nc1[nH]c2cc(ccc2n1)C(=O)c3ccccc3,1
586,Mecamylamine,CC1(C2CCC(C2)C1(C)NC)C,0
587,Mechlorethamine,C(CCl)C(CCCl)N,0
588,Meclizine,Cc1cccc(c1)CN2CCN(CC2)C(c3ccccc3)c4ccc(cc4)Cl,0
589,Meclofenamate,Cc1ccc(c(c1Cl)Nc2ccccc2C(=O)O)Cl,1
590,Medroxyprogesterone,CC1CC2C(CCC3(C2CCC3(C(=O)C)O)C)C4(C1=CC(=O)CC4)C,1
591,Medrysone,CC1CC2C3CCC(C3(CC(C2C4(C1=CC(=O)CC4)C)O)C)C(=O)C,0
592,Mefenamic acid,Cc1cccc(c1C)Nc2ccccc2C(=O)O,1
593,Mefloquine,c1cc2c(cc(nc2c(c1)C(F)(F)F)C(F)(F)F)C(C3CCCCN3)O,1
594,Meloxicam,Cc1cnc(s1)NC(=C2C(=O)c3ccccc3S(=O)(=O)N2C)O,1
595,Melphalan,c1cc(ccc1CC(C(=O)O)N)N(CCCl)CCCl,1
596,Memantine,CC12CC3CC(C1)(CC(C3)(C2)N)C,1
597,Mepenzolate,C[N+]1(CCCC(C1)OC(=O)C(c2ccccc2)(c3ccccc3)O)C,0
598,Meperidine,CCOC(=O)C1(CCN(CC1)C)c2ccccc2,0
599,Mephentermine,CC(C)(Cc1ccccc1)NC,0
600,Mephobarbital,CCC1(C(=O)NC(=O)N(C1=O)C)c2ccccc2,1
601,Mepivacaine,Cc1cccc(c1NC(=O)C2CCCCN2C)C,0
602,Meprobamate,CCCC(C)(COC(=O)N)COC(=O)N,0
603,Mercaptopurine,c1[nH]c2c(n1)[nH]cnc2=S,1
604,Meropenem,CC1C2C(C(=O)N2C(=C1SC3CC(NC3)C(=O)N(C)C)C(=O)O)C(C)O,1
605,Mesalamine,c1cc(c(cc1N)C(=O)O)O,1
606,Mesna,C(CS(=O)(=O)O)S,0
607,Mesoridazine,CN1CCCCC1CCN2c3ccccc3Sc4c2cc(cc4)S(=O)C,0
608,Metaproterenol,CC(C)NCC(c1cc(cc(c1)O)O)O,0
609,Metaraminol,CC(C(c1cccc(c1)O)O)N,0
610,Metergoline,Cn1cc2c3c1cccc3C4CC(CN(C4C2)C)CNC(=O)OCc5ccccc5,1
611,Metformin,CN(C)C(=N)N=C(N)N,1
612,Methacholine,CC(C[N+](C)(C)C)OC(=O)C,0
613,Methadone,CCC(=O)C(CC(C)N(C)C)(c1ccccc1)c2ccccc2,1
614,Methamphetamine,CC(Cc1ccccc1)NC,0
615,Methantheline,CC[N+](C)(CC)CCOC(=O)C1c2ccccc2Oc3c1cccc3,0
616,Methazolamide,CC(=O)N=c1n(nc(s1)S(=O)(=O)N)C,0
617,Methdilazine,CN1CCC(C1)CN2c3ccccc3Sc4c2cccc4,1
618,Methenamine,C1N2CN3CN1CN(C2)C3,1
619,Methenolone,CC1=CC(=O)CC2C1(C3CCC4(C(C3CC2)CCC4OC(=O)C)C)C,1
620,Methicillin,CC1(C(N2C(S1)C(C2=O)NC(=O)c3c(cccc3OC)OC)C(=O)O)C,0
621,Methimazole,Cn1cc[nH]c1=S,1
622,Methocarbamol,COc1ccccc1OCC(COC(=O)N)O,0
623,Methohexital,CCC#CC(C)C1(C(=O)NC(=O)N(C1=O)C)CC=C,1
624,Methomyl,CC(=NOC(=O)NC)SC,1
625,Methotrexate,CN(Cc1cnc2c(n1)c(nc(n2)N)N)c3ccc(cc3)C(=O)NC(CCC(=O)O)C(=O)O,1
626,Methotrimeprazine,CC(CN1c2ccccc2Sc3c1cc(cc3)OC)CN(C)C,0
627,Methoxsalen,COc1c2c(ccc(=O)o2)cc3c1occ3,1
628,Methoxychlor,COc1ccc(cc1)C(c2ccc(cc2)OC)C(Cl)(Cl)Cl,1
629,Methoxyflurane,COC(C(Cl)Cl)(F)F,1
630,Methsuximide,CC1(CC(=O)N(C1=O)C)c2ccccc2,0
631,Methyl chloride,CCl,1
632,Methylaniline,CNc1ccccc1,1
633,Methyldopa,CC(Cc1ccc(c(c1)O)O)(C(=O)O)N,1
634,Methylergonovine,CCC(CO)NC(=O)C1CN(C2Cc3c[nH]c4c3c(ccc4)C2=C1)C,0
635,Methylnaltrexone,C[N+]1(CCC23c4c5ccc(c4OC2C(=O)CCC3(C1C5)O)O)CC6CC6,0
636,Methylprednisolone,CC1CC2C3CCC(C3(CC(C2C4(C1=CC(=O)C=C4)C)O)C)(C(=O)CO)O,1
637,Methyltestosterone,CC12CCC(=O)C=C1CCC3C2CCC4(C3CCC4(C)O)C,1
638,Metipranolol,Cc1cc(c(c(c1OC(=O)C)C)C)OCC(CNC(C)C)O,0
639,Metocurine,C[N+]1(CCc2cc(c3cc2C1Cc4ccc(cc4)Oc5c6c(cc(c5OC)OC)CC[N+](C6Cc7ccc(c(c7)O3)OC)(C)C)OC)C,0
640,Metolazone,Cc1ccccc1N2C(Nc3cc(c(cc3C2=O)S(=O)(=O)N)Cl)C,1
641,Metoprolol,CC(C)NCC(COc1ccc(cc1)CCOC)O,1
642,Metribuzin,CC(C)(C)c1c(=O)n(c(nn1)SC)N,1
643,Metrizamide,CC(=O)Nc1c(c(c(c(c1I)N(C)C(=O)C)I)C(=O)NC2C(C(C(OC2O)CO)O)O)I,0
644,Metronidazole,Cc1ncc(n1CCO)N(=O)=O,1
645,Metyrapone,CC(C)(c1cccnc1)C(=O)c2cccnc2,0
646,Metyrosine,CC(Cc1ccc(cc1)O)(C(=O)O)N,0
647,Mexiletine,Cc1cccc(c1OCC(C)N)C,1
648,Mezlocillin,CC1(C(N2C(S1)C(C2=O)NC(=O)C(c3ccccc3)NC(=O)N4CCN(C4=O)S(=O)(=O)C)C(=O)O)C,1
649,Micafungin,CCCCCOc1ccc(cc1)c2cc(no2)c3ccc(cc3)C(=O)NC4CC(C(NC(=O)C5C(C(CN5C(=O)C(NC(=O)C(NC(=O)C6CC(CN6C(=O)C(NC4=O)C(C)O)O)C(C(c7ccc(c(c7)OS(=O)(=O)O)O)O)O)C(CC(=O)N)O)C)O)O)O,1
650,Midazolam,Cc1ncc2n1-c3ccc(cc3C(=NC2)c4ccccc4F)Cl,0
651,Midodrine,COc1ccc(c(c1)C(CNC(=O)CN)O)OC,0
652,Mifepristone,CC#CC1(CCC2C1(CC(C3=C4CCC(=O)C=C4CCC23)c5ccc(cc5)N(C)C)C)O,0
653,Miglitol,C1C(C(C(C(N1CCO)CO)O)O)O,0
654,Miglustat,CCCCN1CC(C(C(C1CO)O)O)O,0
655,Milrinone,Cc1c(cc(c(=O)[nH]1)C#N)c2ccncc2,1
656,Miltefosine,CCCCCCCCCCCCCCCCOP(=O)(O)OCC[N+](C)(C)C,1
657,Minocycline,CN(C)c1ccc(c2c1CC3CC4C(C(=O)C(=C(N)O)C(=O)C4(C(=O)C3=C2O)O)N(C)C)O,1
658,Minoxidil,c1c(n(c(=N)nc1N2CCCCC2)O)N,1
659,Miokamycin,CCC(=O)OC1CC(=O)OC(CC=CC=CC(C(CC(C(C1OC)OC2C(C(C(C(O2)C)OC3CC(C(C(O3)C)OC(=O)CC)(C)OC(=O)C)N(C)C)O)CC=O)C)OC(=O)C)C,0
660,Mirtazapine,CN1CCN2c3c(cccn3)Cc4ccccc4C2C1,1
661,Mitoguazone,CC(=NN=C(N)N)C=NN=C(N)N,1
662,Mitolactol,C(C(C(C(C(CBr)O)O)O)O)Br,1
663,Mitomycin,CC1=C(C(=O)C2=C(C1=O)N3CC4C(C3(C2COC(=O)N)OC)N4)N,1
664,Mitotane,c1ccc(c(c1)C(c2ccc(cc2)Cl)C(Cl)Cl)Cl,0
665,Mitoxantrone,c1cc(c2c(c1NCCNCCO)C(=O)c3c(ccc(c3C2=O)O)O)NCCNCCO,1
666,Mivacurium,C[N+]1(CCc2cc(c(cc2C1Cc3cc(c(c(c3)OC)OC)OC)OC)OC)CCCOC(=O)CCC=CCCC(=O)OCCC[N+]4(CCc5cc(c(cc5C4Cc6cc(c(c(c6)OC)OC)OC)OC)OC)C,0
667,M-nitroaniline,c1cc(cc(c1)N(=O)=O)N,1
668,Modafinil,c1ccc(cc1)C(c2ccccc2)S(=O)CC(=O)N,1
669,Moexipril,CCOC(=O)C(CCc1ccccc1)NC(C)C(=O)N2Cc3cc(c(cc3CC2C(=O)O)OC)OC,1
670,Molindone,CCc1c([nH]c2c1C(=O)C(CC2)CN3CCOCC3)C,1
671,Mometasone,CC1CC2C3CCC4=CC(=O)C=CC4(C3(C(CC2(C1(C(=O)CCl)O)C)O)Cl)C,0
672,Monobenzone,c1ccc(cc1)COc2ccc(cc2)O,0
673,Monoctanoin,CCCCCCCC(=O)OCC(CO)O,1
674,Montelukast,CC(C)(c1ccccc1CCC(c2cccc(c2)C=Cc3ccc4ccc(cc4n3)Cl)SCC5(CC5)CC(=O)O)O,1
675,Moricizine,CCOC(=O)Nc1ccc2c(c1)N(c3ccccc3S2)C(=O)CCN4CCOCC4,1
676,Morniflumate,c1cc(cc(c1)Nc2c(cccn2)C(=O)OCCN3CCOCC3)C(F)(F)F,0
677,Morphine,CN1CCC23c4c5ccc(c4OC2C(C=CC3C1C5)O)O,1
678,Moxifloxacin,COc1c2c(cc(c1N3CC4CCCNC4C3)F)c(=O)c(cn2C5CC5)C(=O)O,1
679,Moxisylyte,Cc1cc(c(cc1OC(=O)C)C(C)C)OCCN(C)C,1
680,Mupirocin,CC(C1C(O1)CC2COC(C(C2O)O)CC(=CC(=O)OCCCCCCCCC(=O)O)C)C(C)O,0
681,Mycophenolic acid,Cc1c2c(c(c(c1OC)CC=C(C)CCC(=O)O)O)C(=O)OC2,1
682,"N,n-dimethylacetamide",CC(=O)N(C)C,1
683,"N,n-dimethylformamide",CN(C)C=O,1
684,N-2-fluorenylacetamide,CC(=O)Nc1ccc-2c(c1)Cc3c2cccc3,1
685,Nabilone,CCCCCCC(C)(C)c1cc(c2c(c1)OC(C3C2CC(=O)CC3)(C)C)O,0
686,Nadolol,CC(C)(C)NCC(COc1cccc2c1CC(C(C2)O)O)O,0
687,Nafcillin,CCOc1ccc2ccccc2c1C(=O)NC3C4N(C3=O)C(C(S4)(C)C)C(=O)O,1
688,Naftifine,CN(CC=Cc1ccccc1)Cc2cccc3c2cccc3,0
689,Nalbuphine,c1cc(c2c3c1CC4C5(C3(CCN4CC6CCC6)C(O2)C(CC5)O)O)O,0
690,Nalidixic acid,CCn1cc(c(=O)c2c1nc(cc2)C)C(=O)O,0
691,Naloxone,C=CCN1CCC23c4c5ccc(c4OC2C(=O)CCC3(C1C5)O)O,0
692,Nandrolone,CC12CCC3C(C1CCC2O)CCC4=CC(=O)CCC34,1
693,Naproxen,CC(c1ccc2cc(ccc2c1)OC)C(=O)O,1
694,Nateglinide,CC(C)C1CCC(CC1)C(=O)NC(Cc2ccccc2)C(=O)O,1
695,Nebivolol,c1cc2c(cc1F)CCC(O2)C(CNCC(C3CCc4cc(ccc4O3)F)O)O,1
696,Nedocromil,CCCc1c2c(cc3c1oc(cc3=O)C(=O)O)c(=O)cc(n2CC)C(=O)O,0
697,Nelarabine,COc1c2c(nc(n1)N)n(cn2)C3C(C(C(O3)CO)O)O,0
698,Nelfinavir,Cc1c(cccc1O)C(=O)NC(CSc2ccccc2)C(CN3CC4CCCCC4CC3C(=O)NC(C)(C)C)O,1
699,Neomycin,C1C(C(C(C(C1N)OC2C(C(C(C(O2)CN)O)O)N)OC3C(C(C(O3)CO)OC4C(C(C(C(O4)CN)O)O)N)O)O)N,0
700,Nepafenac,c1ccc(cc1)C(=O)c2cccc(c2N)CC(=O)N,0
701,Netilmicin,CCNC1CC(C(C(C1OC2C(C(C(CO2)(C)O)NC)O)O)OC3C(CC=C(O3)CN)N)N,1
702,Niacinamide,c1cc(cnc1)C(=O)N,1
703,Niclosamide,c1cc(c(cc1N(=O)=O)Cl)NC(=O)c2cc(ccc2O)Cl,0
704,Nicotine,CN1CCCC1c2cccnc2,0
705,Nifedipine,CC1=C(C(C(=C(N1)C)C(=O)OC)c2ccccc2N(=O)=O)C(=O)OC,1
706,Niflumic,c1cc(cc(c1)Nc2c(cccn2)C(=O)O)C(F)(F)F,1
707,Nilvadipine,CC1=C(C(C(=C(N1)C#N)C(=O)OC)c2cccc(c2)N(=O)=O)C(=O)OC(C)C,1
708,Nimesulide,CS(=O)(=O)Nc1ccc(cc1Oc2ccccc2)N(=O)=O,1
709,Nimodipine,CC1=C(C(C(=C(N1)C)C(=O)OC(C)C)c2cccc(c2)N(=O)=O)C(=O)OCCOC,1
710,Nitramine,CN(c1c(cc(cc1N(=O)=O)N(=O)=O)N(=O)=O)N(=O)=O,1
711,Nitrendipine,CCOC(=O)C1=C(NC(=C(C1c2cccc(c2)N(=O)=O)C(=O)OC)C)C,1
712,Nitrofurantoin,c1cc(oc1C=NN2CC(=O)NC2=O)N(=O)=O,1
713,Nitrofurazone,c1cc(oc1C=NNC(=O)N)N(=O)=O,0
714,Nitroglycerin,C(C(CON(=O)=O)ON(=O)=O)ON(=O)=O,0
715,Nizatidine,CNC(=CN(=O)=O)NCCSCc1csc(n1)CN(C)C,1
716,N-nitrosodimethylamine,CN(C)N=O,1
717,Nolatrexed,Cc1ccc2c(c1Sc3ccncc3)c(=O)nc([nH]2)N,1
718,Norepinephrine,c1cc(c(cc1C(CN)O)O)O,0
719,Norethindrone,CC12CCC3C(C1CCC2(C#C)O)CCC4=CC(=O)CCC34,1
720,Norfloxacin,CCn1cc(c(=O)c2c1cc(c(c2)F)N3CCNCC3)C(=O)O,1
721,Nortriptyline,CNCCC=C1c2ccccc2CCc3c1cccc3,1
722,Novobiocin,Cc1c(ccc2c1oc(c(c2=O)NC(=O)c3ccc(c(c3)CC=C(C)C)O)O)OC4C(C(C(C(O4)(C)C)OC)OC(=O)N)O,1
723,Nystatin,CC1C=CC=CCCC=CC=CC=CC=CC(CC2C(C(CC(O2)(CC(C(CCC(CC(CC(CC(=O)OC(C(C1O)C)C)O)O)O)O)O)O)O)C(=O)O)OC3C(C(C(C(O3)C)O)N)O,0
724,Octreotide,CC(C1C(=O)NC(CSSCC(C(=O)NC(C(=O)NC(C(=O)NC(C(=O)N1)CCCCN)Cc2c[nH]c3c2cccc3)Cc4ccccc4)NC(=O)C(Cc5ccccc5)N)C(=O)NC(CO)C(C)O)O,1
725,O-dichlorobenzene,c1ccc(c(c1)Cl)Cl,1
726,Olanzapine,Cc1cc2=C(Nc3ccccc3N=c2s1)N4CCN(CC4)C,1
727,Olopatadine,CN(C)CCC=C1c2ccccc2COc3c1cc(cc3)CC(=O)O,0
728,Olsalazine,c1cc(c(cc1NN=C2C=CC(=O)C(=C2)C(=O)O)C(=O)O)O,1
729,Ondansetron,Cc1nccn1CC2CCc3c(c4ccccc4n3C)C2=O,1
730,Opipramol,c1ccc2c(c1)C=Cc3ccccc3N2CCCN4CCN(CC4)CCO,1
731,Orlistat,CCCCCCCCCCCC(CC1C(C(=O)O1)CCCCCC)OC(=O)C(CC(C)C)NC=O,1
732,Oseltamivir,CCC(CC)OC1C=C(CC(C1NC(=O)C)N)C(=O)OCC,1
733,Oxacillin,Cc1c(c(no1)c2ccccc2)C(=O)NC3C4N(C3=O)C(C(S4)(C)C)C(=O)O,1
734,Oxamniquine,CC(C)NCC1CCc2cc(c(cc2N1)N(=O)=O)CO,1
735,Oxandrolone,CC12CCC3C(C1CCC2(C)O)CCC4C3(COC(=O)C4)C,1
736,Oxaprozin,c1ccc(cc1)c2c(oc(n2)CCC(=O)O)c3ccccc3,1
737,Oxazepam,c1ccc(cc1)C2=NC(C(=O)Nc3c2cc(cc3)Cl)O,1
738,Oxcarbazepine,c1ccc2c(c1)CC(=O)c3ccccc3N2C(=O)N,1
739,Oxiconazole,c1cc(c(cc1Cl)Cl)CON=C(Cn2ccnc2)c3ccc(cc3Cl)Cl,0
740,Oxprenolol,CC(C)NCC(COc1ccccc1OCC=C)O,0
741,Oxybutynin,CCN(CC)CC#CCOC(=O)C(c1ccccc1)(C2CCCCC2)O,0
742,Oxycodone,CN1CCC23c4c5ccc(c4OC2C(=O)CCC3(C1C5)O)OC,0
743,Oxymetazoline,Cc1cc(c(c(c1CC2=NCCN2)C)O)C(C)(C)C,0
744,Oxymetholone,CC12CCC3C(C1CCC2(C)O)CCC4C3(CC(=CO)C(=O)C4)C,1
745,Oxymorphone,CN1CCC23c4c5ccc(c4OC2C(=O)CCC3(C1C5)O)O,0
746,Oxyphencyclimine,CN1CCCN=C1COC(=O)C(c2ccccc2)(C3CCCCC3)O,0
747,Oxyphenisatin,c1ccc2c(c1)C(C(=O)N2)(c3ccc(cc3)O)c4ccc(cc4)O,1
748,Oxytocin,CCC(C)C1C(=O)NC(C(=O)NC(C(=O)NC(CSSCC(C(=O)NC(C(=O)N1)Cc2ccc(cc2)O)N)C(=O)N3CCCC3C(=O)NC(CC(C)C)C(=O)NCC(=O)N)CC(=O)N)CCC(=O)N,1
749,"P,p'-diaminodiphenylmethane",c1cc(ccc1Cc2ccc(cc2)N)N,1
750,Paclitaxel,CC1=C2C(C(=O)C3(C(CC4C(C3C(C(C2(C)C)(CC1OC(=O)C(C(c5ccccc5)NC(=O)c6ccccc6)O)O)OC(=O)c7ccccc7)(CO4)OC(=O)C)O)C)OC(=O)C,1
751,Paliperidone,Cc1c(c(=O)n2c(n1)C(CCC2)O)CCN3CCC(CC3)c4c5ccc(cc5on4)F,0
752,Palonosetron,c1cc2c3c(c1)C(=O)N(CC3CCC2)C4CN5CCC4CC5,1
753,Pamidronate,C(CN)C(O)(P(=O)(O)O)P(=O)(O)O,0
754,Pancuronium,CC(=O)OC1CC2CCC3C(C2(CC1[N+]4(CCCCC4)C)C)CCC5(C3CC(C5OC(=O)C)[N+]6(CCCCC6)C)C,1
755,Pantoprazole,COc1ccnc(c1OC)CS(=O)c2[nH]c3cc(ccc3n2)OC(F)F,1
756,Papaverine,COc1ccc(cc1OC)Cc2c3cc(c(cc3ccn2)OC)OC,1
757,Paramethadione,CCC1(C(=O)N(C(=O)O1)C)C,1
758,Paricalcitol,CC(C=CC(C)C(C)(C)O)C1CCC2C1(CCCC2=CC=C3CC(CC(C3)O)O)C,0
759,Paromomycin,C1C(C(C(C(C1N)OC2C(C(C(C(O2)CO)O)O)N)OC3C(C(C(O3)CO)OC4C(C(C(C(O4)CN)O)O)N)O)O)N,0
760,Paroxetine,c1cc(ccc1C2CCNCC2COc3ccc4c(c3)OCO4)F,1
761,Pazopanib,Cc1ccc(cc1S(=O)(=O)N)Nc2nccc(n2)N(C)c3ccc4c(n(nc4c3)C)C,1
762,P-dimethylaminoazobenzene,CN(C)c1ccc(cc1)N=Nc2ccccc2,1
763,Pefloxacin,CCn1cc(c(=O)c2c1cc(c(c2)F)N3CCN(CC3)C)C(=O)O,1
764,Pegaptanib,COCCOC(=O)NCCCCC(C(=O)NCCCCCOP(=O)(C)O)NC(=O)OCCOC,0
765,Pemetrexed,c1cc(ccc1CCc2c[nH]c3c2c(=O)nc([nH]3)N)C(=O)NC(CCC(=O)O)C(=O)O,1
766,Pemirolast,Cc1cccn2c1ncc(c2=O)c3n[nH]nn3,1
767,Penbutolol,CC(C)(C)NCC(COc1ccccc1C2CCCC2)O,0
768,Penciclovir,c1nc2c(n1CCC(CO)CO)[nH]c(nc2=O)N,0
769,Penfluridol,c1cc(ccc1C(CCCN2CCC(CC2)(c3ccc(c(c3)C(F)(F)F)Cl)O)c4ccc(cc4)F)F,0
770,Penicillamine,CC(C)(C(C(=O)O)N)S,1
771,Penicillin g benzathine,CC1(C(N2C(S1)C(C2=O)NC(=O)Cc3ccccc3)C(=O)O)C,1
772,Penicillin v,CC1(C(N2C(S1)C(C2=O)NC(=O)COc3ccccc3)C(=O)O)C,1
773,Pentachloroethane,C(C(Cl)(Cl)Cl)(Cl)Cl,1
774,Pentagastrin,CC(C)COC(=O)NCCC(=O)NC(Cc1c[nH]c2c1cccc2)C(=O)NC(CCSC)C(=O)NC(CC(=O)O)C(=O)NC(Cc3ccccc3)C(=O)N,0
775,Pentamidine,c1cc(ccc1C(=N)N)OCCCCCOc2ccc(cc2)C(=N)N,1
776,Pentazocine,CC1C2Cc3ccc(cc3C1(CCN2CC=C(C)C)C)O,0
777,Pentobarbital,CCCC(C)C1(C(=O)NC(=O)NC1=O)CC,0
778,Pentostatin,c1nc2c(n1C3CC(C(O3)CO)O)NC=NCC2O,1
779,Perazine,CN1CCN(CC1)CCCN2c3ccccc3Sc4c2cccc4,1
780,Pergolide,CCCN1CC(CC2C1Cc3c[nH]c4c3c2ccc4)CSC,0
781,Periciazine,c1ccc2c(c1)N(c3cc(ccc3S2)C#N)CCCN4CCC(CC4)O,1
782,Permethrin,CC1(C(C1C(=O)OCc2cccc(c2)Oc3ccccc3)C=C(Cl)Cl)C,0
783,Perphenazine,c1ccc2c(c1)N(c3cc(ccc3S2)Cl)CCCN4CCN(CC4)CCO,1
784,Phenacemide,c1ccc(cc1)CC(=O)NC(=O)N,1
785,Phendimetrazine,CC1C(OCCN1C)c2ccccc2,0
786,Phenelzine,c1ccc(cc1)CCNN,1
787,Phenindione,c1ccc(cc1)C2C(=O)c3ccccc3C2=O,1
788,Phenmetrazine,CC1C(OCCN1)c2ccccc2,0
789,Phenobarbital,CCC1(C(=O)NC(=O)NC1=O)c2ccccc2,1
790,Phenol,c1ccc(cc1)O,1
791,Phenoxybenzamine,CC(COc1ccccc1)N(CCCl)Cc2ccccc2,0
792,Phenprocoumon,CCC(c1ccccc1)c2c(=O)c3ccccc3oc2O,0
793,Phentermine,CC(C)(Cc1ccccc1)N,0
794,Phentolamine,Cc1ccc(cc1)N(CC2=NCCN2)c3cccc(c3)O,0
795,Phenylbutazone,CCCCC1C(=O)N(N(C1=O)c2ccccc2)c3ccccc3,1
796,Phenytoin,c1ccc(cc1)C2(C(=O)NC(=O)N2)c3ccccc3,1
797,Phytonadione,CC1=C(C(=O)c2ccccc2C1=O)CC=C(C)CCCC(C)CCCC(C)CCCC(C)C,1
798,Picric acid,c1c(cc(c(c1N(=O)=O)O)N(=O)=O)N(=O)=O,1
799,Pimecrolimus,CCC1C=C(CC(CC(C2C(CC(C(O2)(C(=O)C(=O)N3CCCCC3C(=O)OC(C(C(CC1=O)O)C)C(=CC4CCC(C(C4)OC)Cl)C)O)C)OC)OC)C)C,0
800,Pindolol,CC(C)NCC(COc1cccc2c1cc[nH]2)O,1
801,Pioglitazone,CCc1ccc(nc1)CCOc2ccc(cc2)CC3C(=O)NC(=O)S3,1
802,Pipecuronium,CC(=O)OC1CC2CCC3C(C2(CC1N4CC[N+](CC4)(C)C)C)CCC5(C3CC(C5OC(=O)C)N6CC[N+](CC6)(C)C)C,0
803,Piperacillin,CCN1CCN(C(=O)C1=O)C(=O)NC(c2ccccc2)C(=O)NC3C4N(C3=O)C(C(S4)(C)C)C(=O)O,1
804,Piperazine,C1CNCCN1,0
805,Pipobroman,C1CN(CCN1C(=O)CCBr)C(=O)CCBr,0
806,Pipotiazine,CN(C)S(=O)(=O)c1ccc2c(c1)N(c3ccccc3S2)CCCN4CCC(CC4)CCO,1
807,Pirarubicin,CC1C(C(CC(O1)OC2CC(Cc3c2c(c4c(c3O)C(=O)c5cccc(c5C4=O)OC)O)(C(=O)CO)O)N)OC6CCCCO6,1
808,Pirazolac,c1cc(ccc1c2cn(nc2CC(=O)O)c3ccc(cc3)F)Cl,1
809,Pirbuterol,CC(C)(C)NCC(c1ccc(c(n1)CO)O)O,0
810,Piretanide,c1ccc(cc1)Oc2c(cc(cc2S(=O)(=O)N)C(=O)O)N3CCCC3,1
811,Piribedil,c1cnc(nc1)N2CCN(CC2)Cc3ccc4c(c3)OCO4,1
812,Piroxicam,CN1C(=C(Nc2ccccn2)O)C(=O)c3ccccc3S1(=O)=O,1
813,Pirprofen,CC(c1ccc(c(c1)Cl)N2CC=CC2)C(=O)O,1
814,Plerixafor,c1cc(ccc1CN2CCCNCCNCCCNCC2)CN3CCCNCCNCCCNCC3,0
815,Plicamycin,Cc1c(cc2cc3c(c(c2c1O)O)C(=O)C(C(C3)C(C(=O)C(C(C)O)O)OC)OC4CC(C(C(O4)C)O)OC5CC(C(C(O5)C)O)OC6CC(C(C(O6)C)O)(C)O)OC7CC(C(C(O7)C)O)OC8CC(C(C(O8)C)O)O,1
816,Podofilox,COc1cc(cc(c1OC)OC)C2c3cc4c(cc3C(C5C2C(=O)OC5)O)OCO4,0
817,Polymyxin b,CCC(C)CCCCC(=O)NC(CCN)C(=O)NC(C(C)O)C(=O)NC(CCN)C(=O)NC1CCNC(=O)C(NC(=O)C(NC(=O)C(NC(=O)C(NC(=O)C(NC(=O)C(NC1=O)CCN)Cc2ccccc2)CC(C)C)CCN)CCN)C(C)O,0
818,Polystyrene sulfonate,C=Cc1ccccc1S(=O)(=O)O,0
819,Polythiazide,CN1C(Nc2cc(c(cc2S1(=O)=O)S(=O)(=O)N)Cl)CSCC(F)(F)F,0
820,Posaconazole,CCC(C(C)O)n1c(=O)n(cn1)c2ccc(cc2)N3CCN(CC3)c4ccc(cc4)OCC5CC(OC5)(Cn6cncn6)c7ccc(cc7F)F,1
821,Pralidoxime,CN1C=CC=CC1=CN=O,0
822,Pranlukast,c1ccc(cc1)CCCCOc2ccc(cc2)C(=O)Nc3ccc4c(=O)cc(oc4c3)c5n[nH]nn5,1
823,Praziquantel,c1ccc2c(c1)CCN3C2CN(CC3=O)C(=O)C4CCCCC4,1
824,Prazosin,COc1cc2c(cc1OC)nc(nc2N)N3CCN(CC3)C(=O)c4ccco4,1
825,Prednicarbate,CCC(=O)OCC(=O)C1(CCC2C1(CC(C3C2CCC4=CC(=O)C=CC34C)O)C)OC(=O)OCC,0
826,Pregabalin,CC(C)CC(CC(=O)O)CN,1
827,Prilocaine,CCCNC(C)C(=O)Nc1ccccc1C,0
828,Primaquine,CC(CCCN)Nc1cc(cc2c1nccc2)OC,0
829,Probenecid,CCCN(CCC)S(=O)(=O)c1ccc(cc1)C(=O)O,1
830,Probucol,CC(C)(C)c1cc(cc(c1O)C(C)(C)C)SC(C)(C)Sc2cc(c(c(c2)C(C)(C)C)O)C(C)(C)C,1
831,Procainamide,CCN(CC)CCNC(=O)c1ccc(cc1)N,1
832,Procaine,CCN(CC)CCOC(=O)c1ccc(cc1)N,0
833,Procarbazine,CC(C)NC(=O)c1ccc(cc1)CNNC,1
834,Prochlorperazine,CN1CCN(CC1)CCCN2c3ccccc3Sc4c2cc(cc4)Cl,1
835,Procyclidine,c1ccc(cc1)C(CCN2CCCC2)(C3CCCCC3)O,0
836,Progabide,c1cc(ccc1C(=C2C=C(C=CC2=O)F)NCCCC(=O)N)Cl,1
837,Progesterone,CC(=O)C1CCC2C1(CCC3C2CCC4=CC(=O)CCC34C)C,1
838,Promazine,CN(C)CCCN1c2ccccc2Sc3c1cccc3,1
839,Propafenone,CCCNCC(COc1ccccc1C(=O)CCc2ccccc2)O,1
840,Propantheline,CC(C)[N+](C)(CCOC(=O)C1c2ccccc2Oc3c1cccc3)C(C)C,0
841,Proparacaine,CCCOc1ccc(cc1N)C(=O)OCCN(CC)CC,0
842,Propiomazine,CCC(=O)c1ccc2c(c1)N(c3ccccc3S2)CC(C)N(C)C,0
843,Propofol,CC(C)c1cccc(c1O)C(C)C,1
844,Propoxyphene,CCC(=O)OC(Cc1ccccc1)(c2ccccc2)C(C)CN(C)C,1
845,Propranolol,CC(C)NCC(COc1cccc2c1cccc2)O,1
846,Propylene dichloride,CC(CCl)Cl,1
847,Propyliodone,CCCOC(=O)Cn1cc(c(=O)c(c1)I)I,0
848,Propylthiouracil,CCCc1cc(=O)[nH]c(=S)[nH]1,1
849,Protriptyline,CNCCCC1c2ccccc2C=Cc3c1cccc3,1
850,Pyrazinamide,c1cnc(cn1)C(=O)N,1
851,Pyridine,c1ccncc1,1
852,Pyrimethamine,CCc1c(c(nc(n1)N)N)c2ccc(cc2)Cl,0
853,Pyrvinium,Cc1cc(c(n1c2ccccc2)C)C=Cc3ccc4cc(ccc4[n+]3C)N(C)C,0
854,Quazepam,c1ccc(c(c1)C2=NCC(=S)N(c3c2cc(cc3)Cl)CC(F)(F)F)F,0
855,Quetiapine,c1ccc2c(c1)C(=Nc3ccccc3S2)N4CCN(CC4)CCOCCO,1
856,Quinacrine,CCN(CC)CCCC(C)Nc1c2ccc(cc2nc3c1cc(cc3)OC)Cl,1
857,Quinapril,CCOC(=O)C(CCc1ccccc1)NC(C)C(=O)N2Cc3ccccc3CC2C(=O)O,0
858,Quinestrol,CC12CCC3c4ccc(cc4CCC3C1CCC2(C#C)O)OC5CCCC5,1
859,Quinethazone,CCC1Nc2cc(c(cc2C(=O)N1)S(=O)(=O)N)Cl,1
860,Quinine,COc1ccc2c(c1)c(ccn2)C(C3CC4CCN3CC4C=C)O,1
861,Quinine,COc1ccc2c(c1)c(ccn2)C(C3CC4CCN3CC4C=C)O,1
862,Raloxifene,c1cc(ccc1c2c(c3ccc(cc3s2)O)C(=O)c4ccc(cc4)OCCN5CCCCC5)O,1
863,Ramelteon,CCC(=O)NCCC1CCc2c1c3c(cc2)OCC3,0
864,Ramipril,CCOC(=O)C(CCc1ccccc1)NC(C)C(=O)N2C3CCCC3CC2C(=O)O,1
865,Ranolazine,Cc1cccc(c1NC(=O)CN2CCN(CC2)CC(COc3ccccc3OC)O)C,0
866,Rapacuronium,CCC(=O)OC1C(CC2C1(CCC3C2CCC4C3(CC(C(C4)OC(=O)C)N5CCCCC5)C)C)[N+]6(CCCCC6)CC=C,0
867,Rasagiline,C#CCNC1CCc2c1cccc2,0
868,Rescinnamine,COc1ccc2c(c1)[nH]c3c2CCN4C3CC5C(C4)CC(C(C5C(=O)OC)OC)OC(=O)C=Cc6cc(c(c(c6)OC)OC)OC,0
869,Reserpine,COc1ccc2c(c1)[nH]c3c2CCN4C3CC5C(C4)CC(C(C5C(=O)OC)OC)OC(=O)c6cc(c(c(c6)OC)OC)OC,0
870,Resorcinol,c1cc(cc(c1)O)O,1
871,Retapamulin,CC1CCC23CCC(=O)C2C1(C(CC(C(C3C)O)(C)C=C)OC(=O)CSC4CC5CCC(C4)N5C)C,0
872,Ribavirin,c1nc(nn1C2C(C(C(O2)CO)O)O)C(=O)N,1
873,Rifabutin,Cc1c(c2c3c4c1OC(C4=O)(OC=CC(C(C(C(C(C(C(C(C=CC=C(C(=O)NC(=C5C3=NC6(N5)CCN(CC6)CC(C)C)C2=O)C)C)O)C)O)C)OC(=O)C)C)OC)C)O,1
874,Rifampin,Cc1c(c2c3c4c1OC(C4=O)(OC=CC(C(C(C(C(C(C(C(C=CC=C(C(=O)NC(=C2O)C(=CNN5CCN(CC5)C)C3=O)C)C)O)C)O)C)OC(=O)C)C)OC)C)O,1
875,Rifapentine,Cc1c(c2c3c4c1OC(C4=O)(OC=CC(C(C(C(C(C(C(C(C=CC=C(C(=O)NC(=C2O)C(=CNN5CCN(CC5)C6CCCC6)C3=O)C)C)O)C)O)C)OC(=O)C)C)OC)C)O,1
876,Riluzole,c1cc2c(cc1OC(F)(F)F)sc(n2)N,1
877,Rimantadine,CC(C12CC3CC(C1)CC(C3)C2)N,0
878,Rimexolone,CCC(=O)C1(C(CC2C1(CC(C3C2CCC4=CC(=O)C=CC34C)O)C)C)C,0
879,Risperidone,Cc1c(c(=O)n2c(n1)CCCC2)CCN3CCC(CC3)c4c5ccc(cc5on4)F,1
880,Ritodrine,CC(C(c1ccc(cc1)O)O)NCCc2ccc(cc2)O,1
881,Ritonavir,CC(C)c1nc(cs1)CN(C)C(=O)NC(C(C)C)C(=O)NC(Cc2ccccc2)CC(C(Cc3ccccc3)NC(=O)OCc4cncs4)O,1
882,Rivastigmine,CCN(C)C(=O)Oc1cccc(c1)C(C)N(C)C,0
883,Rizatriptan,CN(C)CCc1c[nH]c2c1cc(cc2)Cn3cncn3,0
884,Rocuronium,CC(=O)OC1C(CC2C1(CCC3C2CCC4C3(CC(C(C4)O)N5CCOCC5)C)C)[N+]6(CCCC6)CC=C,0
885,Ronnel,COP(=S)(OC)Oc1cc(c(cc1Cl)Cl)Cl,1
886,Ropinirole,CCCN(CCC)CCc1cccc2c1CC(=O)N2,0
887,Ropivacaine,CCCN1CCCCC1C(=O)Nc2c(cccc2C)C,0
888,Rosiglitazone,CN(CCOc1ccc(cc1)CC2C(=O)NC(=O)S2)c3ccccn3,1
889,Rosuvastatin,CC(C)c1c(c(nc(n1)N(C)S(=O)(=O)C)c2ccc(cc2)F)C=CC(CC(CC(=O)O)O)O,1
890,Rotigotine,CCCN(CCc1cccs1)C2CCc3c(cccc3O)C2,0
891,Roxatidine,CC(=O)OCC(=O)NCCCOc1cccc(c1)CN2CCCCC2,1
892,Roxithromycin,CCC1C(C(C(C(=NOCOCCOC)C(CC(C(C(C(C(C(=O)O1)C)OC2CC(C(C(O2)C)O)(C)OC)C)OC3C(C(CC(O3)C)N(C)C)O)(C)O)C)C)O)(C)O,1
893,Rufinamide,c1cc(c(c(c1)F)Cn2cc(nn2)C(=O)N)F,0
894,Sacrosidase,CC1Oc2ccc(cc2O1)C(C)(C)C,0
895,Salmeterol,c1ccc(cc1)CCCCOCCCCCCNCC(c2ccc(c(c2)CO)O)O,0
896,Salsalate,c1ccc(c(c1)C(=O)Oc2ccccc2C(=O)O)O,1
897,Samarium sm 153 lexidronam,C(CN(CP(=O)(O)O)CP(=O)(O)O)N(CP(=O)(O)O)CP(=O)(O)O,0
898,Sapropterin,CC(C(C1CNc2c(c(=O)nc([nH]2)N)N1)O)O,0
899,Saquinavir,CC(C)(C)NC(=O)C1CC2CCCCC2CN1CC(C(Cc3ccccc3)NC(=O)C(CC(=O)N)NC(=O)c4ccc5ccccc5n4)O,1
900,Secobarbital,CCCC(C)C1(C(=O)NC(=O)NC1=O)CC=C,0
901,Selegiline,CC(Cc1ccccc1)N(C)CC#C,0
902,Sertaconazole,c1cc2c(csc2c(c1)Cl)COC(Cn3ccnc3)c4ccc(cc4Cl)Cl,1
903,Sertraline,CNC1CCC(c2c1cccc2)c3ccc(c(c3)Cl)Cl,1
904,Sibutramine,CC(C)CC(C1(CCC1)c2ccc(cc2)Cl)N(C)C,1
905,Sildenafil,CCCc1c2c(c(=O)nc([nH]2)c3cc(ccc3OCC)S(=O)(=O)N4CCN(CC4)C)n(n1)C,1
906,Silodosin,CC(Cc1cc2c(c(c1)C(=O)N)N(CC2)CCCO)NCCOc3ccccc3OCC(F)(F)F,1
907,Silver sulfadiazine,c1cnc(nc1)[N-]S(=O)(=O)c2ccc(cc2)N,0
908,Simvastatin,CCC(C)(C)C(=O)OC1CC(C=C2C1C(C(C=C2)C)CCC3CC(CC(=O)O3)O)C,1
909,Sincalide,CSCCC(C(=O)NCC(=O)NC(Cc1c[nH]c2c1cccc2)C(=O)NC(CCSC)C(=O)NC(CC(=O)O)C(=O)NC(Cc3ccccc3)C(=O)N)NC(=O)C(Cc4ccc(cc4)OS(=O)(=O)O)NC(=O)C(CC(=O)O)N,0
910,Sodium phenylbutyrate,c1ccc(cc1)CCCC(=O)O,1
911,Solifenacin,c1ccc(cc1)C2c3ccccc3CCN2C(=O)OC4CN5CCC4CC5,0
912,Sorafenib,CNC(=O)c1cc(ccn1)Oc2ccc(cc2)NC(=O)Nc3ccc(c(c3)C(F)(F)F)Cl,1
913,Sorbitol,C(C(C(C(C(CO)O)O)O)O)O,0
914,Sorbitol,C(C(C(C(C(CO)O)O)O)O)O,0
915,Sotalol,CC(C)NCC(c1ccc(cc1)NS(=O)(=O)C)O,1
916,Spectinomycin,CC1CC(=O)C2(C(O1)OC3C(C(C(C(C3O2)NC)O)NC)O)O,1
917,Stanozolol,CC12CCC3C(C1CCC2(C)O)CCC4C3(Cc5cn[nH]c5C4)C,1
918,Stavudine,Cc1cn(c(=O)[nH]c1=O)C2C=CC(O2)CO,1
919,Streptomycin,CC1C(C(C(O1)OC2C(C(C(C(C2O)O)N=C(N)N)O)N=C(N)N)OC3C(C(C(C(O3)CO)O)O)NC)(C=O)O,0
920,Streptozocin,CN(C(=O)NC1C(C(C(OC1O)CO)O)O)N=O,1
921,Styrene,C=Cc1ccccc1,1
922,Succimer,C(C(C(=O)O)S)(C(=O)O)S,1
923,Succinylcholine,C[N+](C)(C)CCOC(=O)CCC(=O)OCC[N+](C)(C)C,0
924,Sucralfate,C(C1C(C(C(C(O1)OC2(C(C(C(O2)OS(=O)(=O)O)OS(=O)(=O)O)OS(=O)(=O)O)COS(=O)(=O)O)OS(=O)(=O)O)OS(=O)(=O)O)OS(=O)(=O)O)OS(=O)(=O)O,1
925,Sufentanil,CCC(=O)N(c1ccccc1)C2(CCN(CC2)CCc3cccs3)COC,0
926,Sulfacetamide,CC(=O)NS(=O)(=O)c1ccc(cc1)N,0
927,Sulfacytine,CCn1ccc(nc1=O)NS(=O)(=O)c2ccc(cc2)N,1
928,Sulfamethizole,Cc1nnc(s1)NS(=O)(=O)c2ccc(cc2)N,1
929,Sulfinpyrazone,c1ccc(cc1)N2C(=O)C(C(=O)N2c3ccccc3)CCS(=O)c4ccccc4,0
930,Sulfisoxazole,Cc1c(noc1NS(=O)(=O)c2ccc(cc2)N)C,1
931,Sulindac,CC1=C(c2cc(ccc2C1=Cc3ccc(cc3)S(=O)C)F)CC(=O)O,1
932,Sulpiride,CCN1CCCC1CNC(=O)c2cc(ccc2OC)S(=O)(=O)N,1
933,Sunitinib,CCN(CC)CCNC(=O)c1c(c([nH]c1C)C=C2c3cc(ccc3NC2=O)F)C,1
934,Tacrine,c1ccc2c(c1)c(c3c(n2)CCCC3)N,1
935,Tacrolimus,CC1CC(C2C(CC(C(O2)(C(=O)C(=O)N3CCCCC3C(=O)OC(C(C(CC(=O)C(C=C(C1)C)CC=C)O)C)C(=CC4CCC(C(C4)OC)O)C)O)C)OC)OC,1
936,Talinolol,CC(C)(C)NCC(COc1ccc(cc1)NC(=O)NC2CCCCC2)O,1
937,Tamoxifen,CCC(=C(c1ccccc1)c2ccc(cc2)OCCN(C)C)c3ccccc3,1
938,Tamsulosin,CCOc1ccccc1OCCNC(C)Cc2ccc(c(c2)S(=O)(=O)N)OC,0
939,Tapentadol,CCC(c1cccc(c1)O)C(C)CN(C)C,1
940,Tazarotene,CCOC(=O)c1ccc(nc1)C#Cc2ccc3c(c2)C(CCS3)(C)C,0
941,Technetium tc 99m tetrofosmin,CCOCCP(CCOCC)CCP(CCOCC)CCOCC,0
942,Tegaserod,CCCCCN=C(N)NNC=C1C=Nc2c1cc(cc2)CO,1
943,Telbivudine,Cc1cn(c(=O)[nH]c1=O)C2CC(C(O2)CO)O,1
944,Telithromycin,CCC1C2(C(C(C(=O)C(CC(C(C(C(=O)C(C(=O)O1)C)C)OC3C(C(CC(O3)C)N(C)C)O)(C)OC)C)C)N(C(=O)O2)CCCCn4cc(nc4)c5cccnc5)C,1
945,Telmisartan,CCCc1nc2c(cc(cc2n1Cc3ccc(cc3)c4ccccc4C(=O)O)c5nc6ccccc6n5C)C,1
946,Temocillin,CC1(C(N2C(S1)C(C2=O)(NC(=O)C(c3ccsc3)C(=O)O)OC)C(=O)O)C,0
947,Temozolomide,Cn1c(=O)n2cnc(c2nn1)C(=O)N,1
948,Temsirolimus,CC1CCC2CC(C(=CC=CC=CC(CC(C(=O)C(C(C(=CC(C(=O)CC(OC(=O)C3CCCCN3C(=O)C(=O)C1(O2)O)C(C)CC4CCC(C(C4)OC)OC(=O)C(C)(CO)CO)C)C)O)OC)C)C)C)OC,1
949,Tenidap,c1cc(sc1)C(=O)c2c3cc(ccc3n(c2O)C(=O)N)Cl,1
950,Teniposide,COc1cc(cc(c1O)OC)C2c3cc4c(cc3C(C5C2C(=O)OC5)OC6C(C(C7C(O6)COC(O7)c8cccs8)O)O)OCO4,1
951,Tenofovir disoproxil fumarate,CC(C)OC(=O)OCOP(=O)(COC(C)Cn1cnc2c1ncnc2N)OCOC(=O)OC(C)C,1
952,Tenoxicam,CN1C(=C(Nc2ccccn2)O)C(=O)c3c(ccs3)S1(=O)=O,1
953,Terazosin,COc1cc2c(cc1OC)nc(nc2N)N3CCN(CC3)C(=O)C4CCCO4,0
954,Terbutaline,CC(C)(C)NCC(c1cc(cc(c1)O)O)O,1
955,Tertatolol,CC(C)(C)NCC(COc1cccc2c1SCCC2)O,0
956,Testolactone,CC12CCC3C(C1CCC(=O)O2)CCC4=CC(=O)C=CC34C,0
957,Testosterone,CC12CCC3C(C1CCC2O)CCC4=CC(=O)CCC34C,1
958,Tetrabenazine,CC(C)CC1CN2CCc3cc(c(cc3C2CC1=O)OC)OC,0
959,Tetrachloroethylene,C(=C(Cl)Cl)(Cl)Cl,1
960,Tetracycline,CC1(c2cccc(c2C(=C3C1CC4C(C(=O)C(=C(N)O)C(=O)C4(C3=O)O)N(C)C)O)O)O,1
961,Tetrahydrozoline,c1ccc2c(c1)CCCC2C3=NCCN3,0
962,Thalidomide,c1ccc2c(c1)C(=O)N(C2=O)C3CCC(=O)NC3=O,1
963,Thiabendazole,c1ccc2c(c1)[nH]c(n2)c3cscn3,1
964,Thiethylperazine,CCSc1ccc2c(c1)N(c3ccccc3S2)CCCN4CCN(CC4)C,1
965,Thioguanine,c1[nH]c2c(n1)[nH]c(nc2=S)N,1
966,Thiopental,CCCC(C)C1(C(=O)NC(=S)NC1=O)CC,1
967,Thiophenol,c1ccc(cc1)S,1
968,Thiotepa,C1CN1P(=S)(N2CC2)N3CC3,0
969,Thiothixene,CN1CCN(CC1)CCC=C2c3ccccc3Sc4c2cc(cc4)S(=O)(=O)N(C)C,1
970,Thyrotropin,c1c([nH]cn1)CC(C(=O)N2CCCC2C(=O)N)NC(=O)C3CCC(=O)N3,0
971,Thyrotropin,c1c([nH]cn1)CC(C(=O)N2CCCC2C(=O)N)NC(=O)C3CCC(=O)N3,0
972,Tiagabine,Cc1ccsc1C(=CCCN2CCCC(C2)C(=O)O)c3c(ccs3)C,0
973,Tiaprofenic,CC(c1ccc(s1)C(=O)c2ccccc2)C(=O)O,1
974,Tibolone,CC1CC2=C(CCC(=O)C2)C3C1C4CCC(C4(CC3)C)(C#C)O,0
975,Ticarcillin,CC1(C(N2C(S1)C(C2=O)NC(=O)C(c3ccsc3)C(=O)O)C(=O)O)C,0
976,Ticlopidine,c1ccc(c(c1)CN2CCc3c(ccs3)C2)Cl,1
977,Tigecycline,CC(C)(C)NCC(=O)Nc1cc(c2c(c1O)C(=C3C(C2)CC4C(C(=O)C(=C(N)O)C(=O)C4(C3=O)O)N(C)C)O)N(C)C,1
978,Tiludronate,c1cc(ccc1SC(P(=O)(O)O)P(=O)(O)O)Cl,0
979,Timolol,CC(C)(C)NCC(COc1c(nsn1)N2CCOCC2)O,0
980,Tioconazole,c1cc(c(cc1Cl)Cl)C(Cn2ccnc2)OCc3ccsc3Cl,0
981,Tiopronin,CC(C(=O)NCC(=O)O)S,1
982,Tiotropium,C[N+]1(C2CC(CC1C3C2O3)OC(=O)C(c4cccs4)(c5cccs5)O)C,0
983,Tirilazad,CC1CC2C3CCC4=CC(=O)C=CC4(C3=CCC2(C1C(=O)CN5CCN(CC5)c6cc(nc(n6)N7CCCC7)N8CCCC8)C)C,1
984,Tirofiban,CCCCS(=O)(=O)NC(Cc1ccc(cc1)OCCCCC2CCNCC2)C(=O)O,0
985,Tizanidine,c1cc(c(c2c1nsn2)NC3=NCCN3)Cl,1
986,Tolazamide,Cc1ccc(cc1)S(=O)(=O)NC(=O)NN2CCCCCC2,1
987,Tolazoline,c1ccc(cc1)CC2=NCCN2,1
988,Tolbutamide,CCCCNC(=O)NS(=O)(=O)c1ccc(cc1)C,1
989,Tolterodine,Cc1ccc(c(c1)C(CCN(C(C)C)C(C)C)c2ccccc2)O,1
990,Topiramate,CC1(OC2COC3(C(C2O1)OC(O3)(C)C)COS(=O)(=O)N)C,1
991,Topotecan,CCC1(c2cc-3n(c(=O)c2COC1=O)Cc4c3nc5ccc(c(c5c4)CN(C)C)O)O,1
992,Toremifene,CN(C)CCOc1ccc(cc1)C(=C(CCCl)c2ccccc2)c3ccccc3,1
993,Torsemide,Cc1cccc(c1)Nc2ccncc2S(=O)(=O)NC(=O)NC(C)C,0
994,Tramadol,CN(C)CC1CCCCC1(c2cccc(c2)OC)O,1
995,Trandolapril,CCOC(=O)C(CCc1ccccc1)NC(C)C(=O)N2C3CCCCC3CC2C(=O)O,0
996,Tranexamic acid,C1CC(CCC1CN)C(=O)O,0
997,Tranilast,COc1ccc(cc1OC)C=CC(=O)Nc2ccccc2C(=O)O,1
998,Travoprost,CC(C)OC(=O)CCCC=CCC1C(CC(C1C=CC(COc2cccc(c2)C(F)(F)F)O)O)O,0
999,Trazodone,c1ccn2c(c1)nn(c2=O)CCCN3CCN(CC3)c4cccc(c4)Cl,1
1000,Treprostinil,CCCCCC(CCC1C2Cc3cccc(c3CC2CC1O)OCC(=O)O)O,0
1001,Tretinoin,CC1=C(C(CCC1)(C)C)C=CC(=CC=CC(=CC(=O)O)C)C,1
1002,Tretinoin,CC1=C(C(CCC1)(C)C)C=CC(=CC=CC(=CC(=O)O)C)C,1
1003,Tretinoin,CC1=C(C(CCC1)(C)C)C=CC(=CC=CC(=CC(=O)O)C)C,1
1004,Triazolam,Cc1nnc2n1-c3ccc(cc3C(=NC2)c4ccccc4Cl)Cl,1
1005,Trichloroethylene,C(=C(Cl)Cl)Cl,1
1006,Tridihexethyl chloride,CC[N+](CC)(CC)CCC(c1ccccc1)(C2CCCCC2)O,0
1007,Trientine,C(CNCCNCCN)N,0
1008,Trifluoperazine,CN1CCN(CC1)CCCN2c3ccccc3Sc4c2cc(cc4)C(F)(F)F,1
1009,Trifluridine,c1c(c(=O)[nH]c(=O)n1C2CC(C(O2)CO)O)C(F)(F)F,0
1010,Trihexyphenidyl,c1ccc(cc1)C(CCN2CCCCC2)(C3CCCCC3)O,0
1011,Trimeprazine,CC(CN1c2ccccc2Sc3c1cccc3)CN(C)C,1
1012,Trimethadione,CC1(C(=O)N(C(=O)O1)C)C,1
1013,Trimethaphan,c1ccc(cc1)CN2C3C[S+]4CCCC4C3N(C2=O)Cc5ccccc5,0
1014,Trimethobenzamide,CN(C)CCOc1ccc(cc1)CNC(=O)c2cc(c(c(c2)OC)OC)OC,1
1015,Trimethoprim,COc1cc(cc(c1OC)OC)Cc2cnc(nc2N)N,1
1016,Trimetrexate,Cc1c(ccc2c1c(nc(n2)N)N)CNc3cc(c(c(c3)OC)OC)OC,1
1017,Trimipramine,CC(CN1c2ccccc2CCc3c1cccc3)CN(C)C,1
1018,Trioxsalen,Cc1cc(=O)oc2c1cc3cc(oc3c2C)C,0
1019,Tripelennamine,CN(C)CCN(Cc1ccccc1)c2ccccn2,0
1020,Triprolidine,Cc1ccc(cc1)C(=CCN2CCCC2)c3ccccn3,0
1021,Troleandomycin,CC1CC(C(C(O1)OC2C(CC3(CO3)C(=O)C(C(C(C(OC(=O)C(C(C2C)OC4CC(C(C(O4)C)OC(=O)C)OC)C)C)C)OC(=O)C)C)C)OC(=O)C)N(C)C,1
1022,Tromethamine,C(C(CO)(CO)N)O,1
1023,Tropicamide,CCN(Cc1ccncc1)C(=O)C(CO)c2ccccc2,0
1024,Trospium,c1ccc(cc1)C(c2ccccc2)(C(=O)OC3CC4CCC(C3)[N+]45CCCC5)O,0
1025,Trypan blue,Cc1cc(ccc1NN=C2C(=Cc3cc(cc(c3C2=O)N)S(=O)(=O)O)S(=O)(=O)O)c4ccc(c(c4)C)NN=C5C(=Cc6cc(cc(c6C5=O)N)S(=O)(=O)O)S(=O)(=O)O,0
1026,Tyropanoate sodium,CCCC(=O)Nc1c(cc(c(c1I)CC(CC)C(=O)O)I)I,0
1027,Unoprostone,CCCCCCCC(=O)CCC1C(CC(C1CC=CCCCC(=O)O)O)O,0
1028,Urofollitropin,CCC(C)C1C(=O)NC(C(=O)NC(C(=O)NC(CSSCC(C(=O)NC(C(=O)N1)Cc2ccc(cc2)O)N)C(=O)N3CCCC3C(=O)NC(CC(C)C)C(=O)NCC(=O)N)CC(=O)N)C(C)O,0
1029,Usnic acid,Cc1c(c(c2c(c1O)C3(C(=CC(=O)C(C3=O)C(=O)C)O2)C)C(=O)C)O,1
1030,Valacyclovir,CC(C)C(C(=O)OCCOCn1cnc2c1[nH]c(nc2=O)N)N,1
1031,Valganciclovir,CC(C)C(C(=O)OCC(CO)OCn1cnc2c1[nH]c(nc2=O)N)N,0
1032,Valrubicin,CCCCC(=O)OCC(=O)C1(Cc2c(c(c3c(c2O)C(=O)c4cccc(c4C3=O)OC)O)C(C1)OC5CC(C(C(O5)C)O)NC(=O)C(F)(F)F)O,0
1033,Valsartan,CCCCC(=O)N(Cc1ccc(cc1)c2ccccc2c3n[nH]nn3)C(C(C)C)C(=O)O,1
1034,Vardenafil,CCCc1nc(c2n1[nH]c(nc2=O)c3cc(ccc3OCC)S(=O)(=O)N4CCN(CC4)CC)C,1
1035,Varenicline,c1cnc2cc3c(cc2n1)C4CC3CNC4,0
1036,Vecuronium,CC(=O)OC1CC2CCC3C(C2(CC1N4CCCCC4)C)CCC5(C3CC(C5OC(=O)C)[N+]6(CCCCC6)C)C,0
1037,Venlafaxine,CN(C)CC(c1ccc(cc1)OC)C2(CCCCC2)O,1
1038,Verteporfin,Cc1c2cc3nc(cc4c(c(c([nH]4)cc5nc(cc(c1CCC(=O)OC)[nH]2)C(=C5C)CCC(=O)O)C=C)C)C6=CC=C(C(C36C)C(=O)OC)C(=O)OC,1
1039,Vesnarinone,COc1ccc(cc1OC)C(=O)N2CCN(CC2)c3ccc4c(c3)CCC(=O)N4,1
1040,Vigabatrin,C=CC(CCC(=O)O)N,1
1041,Vinblastine,CCC1(CC2CC(c3c(c4ccccc4[nH]3)CCN(C2)C1)(c5cc6c(cc5OC)N(C7C68CCN9C8C(C=CC9)(C(C7(C(=O)OC)O)OC(=O)C)CC)C)C(=O)OC)O,1
1042,Vincristine,CCC1(CC2CC(c3c(c4ccccc4[nH]3)CCN(C2)C1)(c5cc6c(cc5OC)N(C7C68CCN9C8C(C=CC9)(C(C7(C(=O)OC)O)OC(=O)C)CC)C=O)C(=O)OC)O,1
1043,Vinorelbine,CCC1=CC2CC(c3c(c4ccccc4[nH]3)CN(C2)C1)(c5cc6c(cc5OC)N(C7C68CCN9C8C(C=CC9)(C(C7(C(=O)OC)O)OC(=O)C)CC)C)C(=O)OC,1
1044,Vinylidene chloride,C=C(Cl)Cl,1
1045,Vitamin a,CC1=C(C(CCC1)(C)C)C=CC(=CC=CC(=CCO)C)C,1
1046,Vitamin d,CC(C)CCCC(C)C1CCC2C1(CCCC2=CC=C3CC(CCC3=C)O)C,0
1047,Voglibose,C1C(C(C(C(C1(CO)O)O)O)O)NC(CO)CO,1
1048,Voriconazole,CC(c1c(cncn1)F)C(Cn2cncn2)(c3ccc(cc3F)F)O,1
1049,Vorinostat,c1ccc(cc1)NC(=O)CCCCCCC(=O)NO,0
1050,Warfarin,CC(=O)CC(c1ccccc1)c2c(=O)c3ccccc3oc2O,1
1051,Xanomeline,CCCCCCOc1c(nsn1)C2=CCCN(C2)C,1
1052,Xylose,C1C(C(C(C(O1)O)O)O)O,0
1053,Zafirlukast,Cc1ccccc1S(=O)(=O)NC(=O)c2ccc(c(c2)OC)Cc3cn(c4c3cc(cc4)NC(=O)OC5CCCC5)C,1
1054,Zalcitabine,c1cn(c(=O)nc1N)C2CCC(O2)CO,1
1055,Zaleplon,CCN(c1cccc(c1)c2ccnc3n2ncc3C#N)C(=O)C,0
1056,Zanamivir,CC(=O)NC1C(C=C(OC1C(C(CO)O)O)C(=O)O)N=C(N)N,0
1057,Zidovudine,Cc1cn(c(=O)[nH]c1=O)C2CC(C(O2)CO)N=N#N,1
1058,Ziprasidone,c1ccc2c(c1)c(ns2)N3CCN(CC3)CCc4cc5c(cc4Cl)NC(=O)C5,1
1059,Zofenopril,CC(CSC(=O)c1ccccc1)C(=O)N2CC(CC2C(=O)O)Sc3ccccc3,1
1060,Zolmitriptan,CN(C)CCc1c[nH]c2c1cc(cc2)CC3COC(=O)N3,0
1061,Zolpidem,Cc1ccc(cc1)c2c(n3cc(ccc3n2)C)CC(=O)N(C)C,1
1062,Zonisamide,c1ccc2c(c1)c(no2)CS(=O)(=O)N,1
1063,Zopiclone,CN1CCN(CC1)C(=O)OC2c3c(nccn3)C(=O)N2c4ccc(cn4)Cl,0
1064,Zopiclone,CN1CCN(CC1)C(=O)OC2c3c(nccn3)C(=O)N2c4ccc(cn4)Cl,0
