,smiles,label
0,c1cc(ccc1C(C(CO)NC(=O)C(Cl)Cl)O)[N+](=O)[O-],0
1,c1ccc(c(c1)C(=O)O)O,0
2,c1cc(cnc1)C(=O)O,1
3,CC(C)(CO)C(C(=O)NCCC(=O)O)O,0
4,Cc1c(c(c(cn1)CO)CO)O,0
5,Cc1c(sc[n+]1Cc2cnc(nc2N)C)CCO,0
6,CC(=O)Nc1nnc(s1)S(=O)(=O)N,1
7,C(CC(O)(P(=O)(O)O)P(=O)(O)O)CN,0
8,CC(=O)Nc1c(c(c(c(c1I)NC(=O)C)I)C(=O)O)I,0
9,CC(=O)Oc1ccccc1C(=O)O,0
10,CC(C[N+](C)(C)C)OC(=O)N,0
11,CCCCN1CCCCC1C(=O)Nc2c(cccc2C)C,0
12,CS(=O)(=O)OCCCCOS(=O)(=O)C,1
13,CC(C)C(CCCN(C)CCc1ccc(c(c1)OC)OC)(C#N)c2ccc(c(c2)OC)OC,1
14,c1ccc2c(c1)C=Cc3ccccc3N2C(=O)N,1
15,CCN(CC)CCOCCOC(=O)C1(CCCC1)c2ccccc2,0
16,CN(C)CCOC(c1ccc(cc1)Cl)c2ccccn2,0
17,CCCC(C)(COC(=O)N)COC(=O)NC(C)C,0
18,Cc1ccc(cc1)c2cc(nn2c3ccc(cc3)S(=O)(=O)N)C(F)(F)F,1
19,CN1CCN(CC1)C(c2ccccc2)c3ccc(cc3)Cl,0
20,c1cc2c(cc1OCCCCc3nnnn3C4CCCCC4)CCC(=O)N2,0
21,c1c2c(cc(c1F)N3CCNCC3)n(cc(c2=O)C(=O)O)C4CC4,1
22,CC(=O)Oc1ccc(cc1)C(=C2CCCCC2)c3ccc(cc3)OC(=O)C,1
23,c1cc(ccc1c2ccc(o2)C=NN3CC(=O)NC3=O)[N+](=O)[O-],1
24,CCN(CC)CCOC(=O)C1(CCCCC1)C2CCCCC2,0
25,CN(C)CCOC(c1ccccc1)c2ccccc2,0
26,C1CCN(CC1)c2c3c(c(nc(n3)N(CCO)CCO)N4CCCCC4)nc(n2)N(CCO)CCO,1
27,CC(c1ccccc1)(c2ccccn2)OCCN(C)C,0
28,c1ccc2c(c1)[nH]c(=O)n2C3=CCN(CC3)CCCC(=O)c4ccc(cc4)F,0
29,CC[N+](C)(C)c1cccc(c1)O,0
30,CCc1cccc2c1[nH]c3c2CCOC3(CC)CC(=O)O,1
31,CC(c1cccc(c1)Oc2ccccc2)C(=O)O,1
32,CC(C)(c1ccc(cc1)C(CCCN2CCC(CC2)C(c3ccccc3)(c4ccccc4)O)O)C(=O)O,0
33,Cc1c(=O)c2cccc(c2oc1c3ccccc3)C(=O)OCCN4CCCCC4,0
34,COCCCCC(=NOCCN)c1ccc(cc1)C(F)(F)F,0
35,c1ccc(c(c1)C(=O)OCC(CO)O)Nc2ccnc3c2ccc(c3)Cl,1
36,COc1ccccc1OCC(CO)O,0
37,C1CCCN(CCC1)CCN=C(N)N,0
38,CCCCCCc1ccc(cc1O)O,0
39,c1ccc(cc1)C(c2ccc(cc2)Cl)N3CCN(CC3)CCOCCO,0
40,CCN(CC)CC(=O)Nc1c(cccc1C)C,0
41,CC(=O)N(CC(CN(c1c(c(c(c(c1I)C(=O)NCC(CO)O)I)C(=O)NCC(CO)O)I)C(=O)C)O)c2c(c(c(c(c2I)C(=O)NCC(CO)O)I)C(=O)NCC(CO)O)I,0
42,CC(C)NNC(=O)c1ccncc1,1
43,c1cc(ccc1C#N)C(c2ccc(cc2)C#N)n3cncn3,1
44,Cc1cccc(c1)CN2CCN(CC2)C(c3ccccc3)c4ccc(cc4)Cl,0
45,c1cc2c(cc(nc2c(c1)C(F)(F)F)C(F)(F)F)C(C3CCCCN3)O,0
46,CC(C)NCC(c1cc(cc(c1)O)O)O,0
47,CC(C)(c1cccnc1)C(=O)c2cccnc2,0
48,Cc1ncc2n1-c3ccc(cc3C(=NC2)c4ccccc4F)Cl,0
49,Cc1cc(c(cc1OC(=O)C)C(C)C)OCCN(C)C,1
50,C1C(C(C(C(C1N)OC2C(C(C(C(O2)CN)O)O)N)OC3C(C(C(O3)CO)OC4C(C(C(C(O4)CN)O)O)N)O)O)N,0
51,c1ccc(cc1)CNC(=O)CCNNC(=O)c2ccncc2,1
52,CN1Cc2c(cccc2N)C(C1)c3ccccc3,1
53,CCN(CC)CC#CCOC(=O)C(c1ccccc1)(C2CCCCC2)O,0
54,CC(C)(CO)C(C(=O)NCCCO)O,0
55,COc1ccc(cc1OC)Cc2c3cc(c(cc3ccn2)OC)OC,1
56,C1CCC(CC1)C(CC2CCCCN2)C3CCCCC3,1
57,c1ccc(cc1)N=Nc2ccc(nc2N)N,0
58,CC(COc1ccccc1)N(CCCl)Cc2ccccc2,0
59,CC1=C(C(=O)c2ccccc2C1=O)CC=C(C)CCCC(C)CCCC(C)CCCC(C)C,0
60,CC(CCCN)Nc1cc(cc2c1nccc2)OC,0
61,CNCCCC1c2ccccc2C=Cc3c1cccc3,0
62,CN(C)CCN(Cc1ccc(cc1)OC)c2ccccn2,0
63,c1cc2c(cc1OC(F)(F)F)sc(n2)N,1
64,CN1C2CC(CC1C3C2O3)OC(=O)C(CO)c4ccccc4,0
65,[Na+].[Cl-],0
66,C[N+](C)(C)CCOC(=O)CCC(=O)OCC[N+](C)(C)C,0
67,c1cc(ccc1N)S(=O)(=O)Nc2nccs2,1
68,c1ccc(cc1)N2C(=O)C(C(=O)N2c3ccccc3)CCS(=O)c4ccccc4,0
69,CC1=C(c2cc(ccc2C1=Cc3ccc(cc3)S(=O)C)F)CC(=O)O,1
70,CCCCCCCCNC(C)C(c1ccc(cc1)SC(C)C)O,1
71,Cn1c(=O)n2cnc(c2nn1)C(=O)N,0
72,CC(C)(C)C#CC=CCN(C)Cc1cccc2c1cccc2,1
73,c1ccc(c(c1)CN2CCc3c(ccs3)C2)Cl,1
74,C1CC(CCC1CN)C(=O)O,0
75,c1ccc(cc1)C(CCN2CCCCC2)(C3CCCCC3)O,0
76,c1ccc2c(c1)c(no2)CS(=O)(=O)N,1
77,CC1=C(C(=O)C2=C(C1=O)N3CC4C(C3(C2COC(=O)N)OC)N4)N,0
78,CC12CCC(=O)C=C1CCC3C2C(CC4(C3CCC4(C(=O)CO)O)C)O,0
79,CNCC(c1ccc(c(c1)O)O)O,0
80,CC(Cc1ccccc1)N,0
81,CC12CCC3C(C1CCC2(C)O)CCC4C3(COC(=O)C4)C,1
82,CC1(C(N2C(S1)C(C2=O)NC(=O)Cc3ccccc3)C(=O)O)C,0
83,c1cc(c(cc1Oc2c(cc(cc2I)CC(C(=O)O)N)I)I)O,0
84,C1C(C(C(C(C1N)OC2C(C(C(C(O2)CN)O)O)O)O)OC3C(C(C(C(O3)CO)O)N)O)N,0
85,CC12CCC3C(C1CCC2(C#C)O)CCC4=CC(=O)CCC34,0
86,CN1CCN(CC1)C(c2ccccc2)c3ccccc3,0
87,CN1C2CCC1CC(C2)OC(c3ccccc3)c4ccccc4,0
88,CCC(CO)NC(=O)C1CN(C2Cc3c[nH]c4c3c(ccc4)C2=C1)C,0
89,CC(C(c1ccccc1)O)NC,0
90,CC1CC2C3CCC4=CC(=O)C=CC4(C3(C(CC2(C1(C(=O)CO)O)C)O)F)C,0
91,CC12CCC3C(C1CCC2(C)O)CCC4C3(CC(=CO)C(=O)C4)C,1
92,CC12CCC3C(C1CCC2O)CCC4=CC(=O)CCC34,1
93,CC(Cc1ccccc1)NC,0
94,CC(C)(CO)N.Cn1c2c(c(=O)n(c1=O)C)[nH]c(n2)Br,0
95,CC1C(OCCN1C)c2ccccc2,0
96,CCC1C(C(C(C(=O)C(CC(C(C(C(C(C(=O)O1)C)OC2CC(C(C(O2)C)O)(C)OC)C)OC3C(C(CC(O3)C)N(C)C)O)(C)O)C)C)O)(C)O,1
97,CCC1(CC2CC(c3c(c4ccccc4[nH]3)CCN(C2)C1)(c5cc6c(cc5OC)N(C7C68CCN9C8C(C=CC9)(C(C7(C(=O)OC)O)OC(=O)C)CC)C)C(=O)OC)O,0
98,CC(C)Cc1ccc(cc1)CC(=O)O,1
99,CN(C)CCC(c1ccc(cc1)Br)c2ccccn2,0
100,COc1cc(c(cc1S(=O)(=O)O)C(=O)c2ccccc2)O,0
101,CN(C)CCCC1c2ccccc2Nc3c1cc(cc3)Cl,1
102,c1cn(c(=O)nc1N)C2CCC(O2)CO,1
103,CC(C(c1ccccc1)O)N,0
104,CC(=O)OC1CC2CCC3C(C2(CC1[N+]4(CCCCC4)C)C)CCC5(C3CC(C5OC(=O)C)[N+]6(CCCCC6)C)C.[Br-].[Br-],0
105,[Li+],0
106,c1cc(ccc1c2nc(cs2)CC(=O)O)Cl,1
107,CC1C(C(CC(O1)OC2C(OC(CC2O)OC3C(OC(CC3O)OC4CCC5(C(C4)CCC6C5CC(C7(C6(CCC7C8=CC(=O)OC8)O)C)O)C)C)C)O)O,0
108,CC12CCC(=O)C=C1CCC3C2(C(CC4(C3CCC4(C(=O)CO)O)C)O)F,0
109,CC(=O)NC1C(C(C(OC1O)CO)OS(=O)(=O)[O-])OC2C(C(C(C(O2)C(=O)[O-])O)O)O,1
110,CN(C)CCC(c1ccc(cc1)Cl)c2ccccn2,0
111,Cc1c(c2ccc(cc2n1CC(=O)O)OC)C(=O)c3ccc(cc3)Cl,1
112,Cc1cn(c(=O)[nH]c1=O)C2CC(C(O2)CO)N=[N+]=[N-],1
113,CC(C)(C)NCC(COc1ccccc1C2CCCC2)O,0
114,C1C(C(C(C(C1NC(=O)C(CCN)O)OC2C(C(C(C(O2)CO)O)N)O)O)OC3C(C(C(C(O3)CN)O)O)O)N,0
115,CC(=O)OC1C(Sc2ccccc2N(C1=O)CCN(C)C)c3ccc(cc3)OC,1
116,c1nc2c(n1C3CC(C(O3)CO)O)NC=NCC2O,1
117,CC(=O)N1CCN(CC1)c2ccc(cc2)OCC3COC(O3)(Cn4ccnc4)c5ccc(cc5Cl)Cl,1
118,CC(C)NCC(COc1ccc(cc1)CCC(=O)OC)O,0
119,C[N+]1(CCc2cc(c(c(c2C1Cc3cc(c(c(c3)OC)OC)OC)OC)OC)OC)CCCOC(=O)CCC(=O)OCCC[N+]4(CCc5cc(c(c(c5C4Cc6cc(c(c(c6)OC)OC)OC)OC)OC)OC)C.[Cl-].[Cl-],0
120,c1nc(c2c(n1)n(cn2)CCOCP(=O)(O)O)N,1
121,CC12CCC3C(C1CCC2=O)CC(=C)C4=CC(=O)C=CC34C,1
122,CC(c1cc2ccccc2s1)N(C(=O)N)O,1
123,CCC1(c2cc-3n(c(=O)c2COC1=O)Cc4c3nc5ccc(c(c5c4)CN(C)C)O)O,0
124,CC(CN1CCN(CCN(CCN(CC1)CC(=O)[O-])CC(=O)[O-])CC(=O)[O-])O.[Gd+3],0
125,c1cc(c(c(c1)C(=O)c2ccc(cc2)Br)N)CC(=O)O,1
126,Cc1ccc(c(c1)C(CCN(C(C)C)C(C)C)c2ccccc2)O,0
127,c1nc2c(nc(nc2n1C3CC(C=C3)CO)N)NC4CC4,1
128,CC(C(=O)Nc1c(c(c(c(c1I)C(=O)NC(CO)CO)I)C(=O)NC(CO)CO)I)O,0
129,Cc1cc(c(c2c1cccn2)O)Br,1
130,Cc1nc(cn1c2ccc(cc2)[N+](=O)[O-])[N+](=O)[O-],1
131,Cc1cc2c(cc1C(=C)c3ccc(cc3)C(=O)O)C(CCC2(C)C)(C)C,1
132,C(C(C(C(C(CO)O)O)O)O)O,0
133,B(C(CC(C)C)NC(=O)C(Cc1ccccc1)NC(=O)c2cnccn2)(O)O,1
134,CC1=C2C(C(=O)C3(C(CC4C(C3C(C(C2(C)C)(CC1OC(=O)C(C(c5ccccc5)NC(=O)OC(C)(C)C)O)O)OC(=O)c6ccccc6)(CO4)OC(=O)C)O)C)O,1
135,CC1COc2c3n1cc(c(=O)c3cc(c2N4CCN(CC4)C)F)C(=O)O,1
136,Cc1ccc(c(c1)CC(=O)O)Nc2c(cccc2Cl)F,1
137,COc1c2c(cc(c1N3CC4CCCNC4C3)F)c(=O)c(cn2C5CC5)C(=O)O,1
138,CCOC1C(CC(=O)O1)NC(=O)C2CCCN3N2C(=O)C(CCC3=O)NC(=O)c4c5ccccc5ccn4,1
139,C1C(C(C(C(C1N)OC2C(C(C(C(O2)CO)O)O)N)OC3C(C(C(O3)CO)OC4C(C(C(C(O4)CN)O)O)N)O)O)N,0
140,C1C2C(C(S1)CCCCC(=O)O)NC(=O)N2,0
141,CN1C2CCC1CC(C2)OC(=O)C(CO)c3ccccc3,0
142,Cc1cc(nc(n1)OC(C(=O)O)C(c2ccccc2)(c3ccccc3)OC)C,1
143,CS(=O)(=O)CCNCc1ccc(o1)c2ccc3c(c2)c(ncn3)Nc4ccc(c(c4)Cl)OCc5cccc(c5)F,1
144,CCOC(C(=O)c1ccc(cc1)c2ccccc2)Nc3ccc(cc3)C(=O)O,1
145,CCc1c(c2ccccc2o1)C(=O)c3ccc(cc3)O,1
146,CC(C)c1nc(cs1)CN(C)C(=O)NC(C(C)C)C(=O)NC(Cc2ccccc2)CC(C(Cc3ccccc3)NC(=O)OCc4cncs4)O,1
147,c1cc(c(cc1C(CN)O)O)O,0
148,CCC(C)C1C(=O)NC(C(=O)NC(C(=O)NC(CSSCC(C(=O)NC(C(=O)N1)Cc2ccc(cc2)O)N)C(=O)N3CCCC3C(=O)NC(CC(C)C)C(=O)NCC(=O)N)CC(=O)N)CCC(=O)N,0
149,CC1C(C(C(C(O1)OC2C(OC(C(C2O)O)OC3C(OC(C(C3O)O)O)CO)CO)O)O)NC4C=C(C(C(C4O)O)O)CO,1
150,CC1C2Cc3ccc(cc3C1(CCN2CC=C(C)C)C)O,0
151,CC(=O)OC1C(CC2C1(CCC3C2CCC4C3(CC(C(C4)O)N5CCOCC5)C)C)[N+]6(CCCC6)CC=C,0
152,CC(Cc1ccc(cc1)O)(C(=O)O)N,0
153,CC1=C(C(CCC1)(C)C)C=CC(=CC=CC(=CCO)C)C,0
154,CCCc1cc(=O)[nH]c(=S)[nH]1,1
155,c1[nH]c2c(n1)[nH]cnc2=S,1
156,CCC(=C(c1ccccc1)c2ccc(cc2)OCCN(C)C)c3ccccc3,1
157,CCCCN1C(=O)C(NC(=O)C12CCN(CC2)Cc3ccc(cc3)Oc4ccc(cc4)C(=O)O)C(C5CCCCC5)O,1
158,CN(C)Cc1ccc(o1)CSCCNC(=C[N+](=O)[O-])NCc2ccc3c(c2)OCO3,1
159,CCCCCCCCCCCC(CC1C(C(=O)O1)CCCCCC)OC(=O)C(CC(C)C)NC=O,1
160,CC(Cc1ccc(cc1)OC)NCC(c2ccc(c(c2)NC=O)O)O,0
161,CC(C)CC1C(=O)NC(C(=O)NC(C(=O)NC(C(=O)NCCC(C(=O)NC(C(=O)NC(C(=O)N1)Cc2ccccc2)CCN)NC(=O)C(CCN)NC(=O)C(C(C)O)NC(=O)C(CCN)NC(=O)O)C(C)O)CCN)CCN,0
162,CCCCCC(C=CC1C(CC(=O)C1CC=CCCCC(=O)O)O)O,0
163,CN1CCC23c4c5ccc(c4OC2C(=O)CCC3C1C5)O,0
164,CN1CCC23c4c5ccc(c4OC2C(=O)CCC3(C1C5)O)O,0
165,CN1CCC23c4c5ccc(c4OC2C(C=CC3C1C5)O)O,0
166,CCN(CC)CCNC(=O)c1c(c([nH]c1C)C=C2c3cc(ccc3NC2=O)F)C,1
167,CN(C)NN=C1C(=NC=N1)C(=O)N,1
168,c1cc(oc1C=NN2CC(=O)NC2=O)[N+](=O)[O-],1
169,c1ccnc(c1)NS(=O)(=O)c2ccc(cc2)NN=C3C=CC(=O)C(=C3)C(=O)O,1
170,CN1CCC23CCCCC2C1Cc4c3cc(cc4)OC,0
171,CCOC(=O)C(CCc1ccccc1)NC2CCc3ccccc3N(C2=O)CC(=O)O,1
172,CC(C)(C)NC(=O)C1CN(CCN1CC(CC(Cc2ccccc2)C(=O)NC3c4ccccc4CC3O)O)Cc5cccnc5,1
173,Cc1c(c2c3c4c1OC(C4=O)(OC=CC(C(C(C(C(C(C(C(C=CC=C(C(=O)NC(=C2O)C(=CNN5CCN(CC5)C)C3=O)C)C)O)C)O)C)OC(=O)C)C)OC)C)O,1
174,CCC1C2(C(C(C(=O)C(CC(C(C(C(=O)C(C(=O)O1)C)C)OC3C(C(CC(O3)C)N(C)C)O)(C)OC)C)C)N(C(=O)O2)CCCCn4cc(nc4)c5cccnc5)C,1
175,CON=C(c1ccc(cc1)c2ccc(o2)c3ccc(cc3)C(=NOC)N)N,1
176,CC1CN(CCC1(C)c2cccc(c2)O)CC(Cc3ccccc3)C(=O)NCC(=O)O,0
177,CC(C)C(Cc1ccc(c(c1)OCCCOC)OC)CC(C(CC(C(C)C)C(=O)NCC(C)(C)C(=O)N)O)N,0
178,CCCCCCCCC=CCCCCCCCC(=O)O.C(CO)N,0
179,CO[Si](C)(C)O[Si](C)(C)C.O=[Si]=O,0
180,CC(=O)Oc1cc2c(s1)CCN(C2)C(c3ccccc3F)C(=O)C4CC4,0
181,CN1CCC(CC1)Nc2ncc3c(n2)c(ncn3)Nc4ccc(c(c4)Cl)F,1
182,C1CCC(C(C1)N)N.C(=O)(C(=O)[O-])[O-].[Pt+2],1
183,Cc1ccc(cc1C)n2c(=O)c(c([nH]2)C)NN=C3C=CC=C(C3=O)c4cccc(c4)C(=O)O.C(CO)N.C(CO)N,1
184,Cc1ccc(cc1S(=O)(=O)N)Nc2nccc(n2)N(C)c3ccc4c(n(nc4c3)C)C,1
185,CC1C=CC=CCCC=CC=CC=CC=CC(CC(C(C(CC(=O)CC(C(CCC(CC(CC(CC(=O)OC(C(C1O)C)C)O)O)O)O)O)O)C(=O)O)O)OC2C(C(C(C(O2)C)O)N)O,0
186,[C-]#N.[C-]#N.[C-]#N.[C-]#N.[C-]#N.[N-]=O.[Fe+4],0
187,CCCC(CCC)C(=O)O.CCCC(CCC)C(=O)[O-].[Na+],1
188,CC(Cl)(Cl)Cl,1
189,C(C(Cl)Cl)Cl,1
190,CN(C)N,1
191,C(C=CCl)Cl,1
192,Cc1c(cc(cc1[N+](=O)[O-])[N+](=O)[O-])[N+](=O)[O-],1
193,c1cc(c(cc1[N+](=O)[O-])[N+](=O)[O-])O,1
194,c1ccc2cc(ccc2c1)O,1
195,CC(C)N(=O)=O,1
196,CC(=O)NCCCS(=O)(=O)O,0
197,Cc1c(c2cc(ccc2n1C(=O)c3ccc(cc3)Cl)OC)CC(=O)OCC(=O)O,1
198,CC(=O)Nc1ccc(cc1)O,1
199,CC(C)(C#N)O,1
200,CC(=O)c1ccc2c(c1)N(c3ccccc3S2)CCCN4CCN(CC4)CCO,1
201,CC(=O)NC(CS)C(=O)O,1
202,CCC1(CC(c2c(cc3c(c2O)C(=O)c4c(cccc4O)C3=O)C1C(=O)OC)OC5CC(C(C(O5)C)OC6CC(C(C(O6)C)OC7CCC(=O)C(O7)C)O)N(C)C)O,1
203,c1nc2c(n1COCCO)[nH]c(nc2=O)N,1
204,COc1ccc(cc1C23CC4CC(C2)CC(C4)C3)c5ccc6cc(ccc6c5)C(=O)O,0
205,CC(C)(C)C(=O)OCOP(=O)(COCCn1cnc2c1ncnc2N)OCOC(=O)C(C)(C)C,1
206,COc1ccc(c(c1)OC)C=C2CCCN=C2c3cccnc3,1
207,CC(CSC(=O)C)C(=O)N1CCCC1C(=O)NC(Cc2ccccc2)C(=O)O,1
208,CCCSc1ccc2c(c1)[nH]c(n2)NC(=O)OC,1
209,CC(C)(C)NCC(c1ccc(c(c1)CO)O)O,0
210,CC1CC2C3C(CC4=CC(=O)C=CC4(C3C(CC2(C1(C(=O)CO)O)C)O)C)Cl,0
211,C1C2C=CC1C3C2C4(C(=C(C3(C4(Cl)Cl)Cl)Cl)Cl)Cl,1
212,CCC(=O)N(c1ccccc1)C2(CCN(CC2)CCn3c(=O)n(nn3)CC)COC,0
213,CN(CCCNC(=O)C1CCCO1)c2nc3cc(c(cc3c(n2)N)OC)OC,1
214,c1c-2c(=O)ncnc2[nH][nH]1,1
215,C=CCNc1nc(nc(n1)N2CCN(CC2)C(c3ccc(cc3)F)c4ccc(cc4)F)NCC=C,1
216,CN(C)CCc1c[nH]c2c1cc(cc2)CS(=O)(=O)N3CCCC3,0
217,Cc1c(nc[nH]1)CN2CCc3c(c4ccccc4n3C)C2=O,0
218,CCCN(CCC)C(=O)Cc1c(nc2n1cc(cc2)Cl)c3ccc(cc3)Cl,1
219,Cc1nnc2n1-c3ccc(cc3C(=NC2)c4ccccc4)Cl,1
220,CCCCCC(C=CC1C(CC(=O)C1CCCCCCC(=O)O)O)O,1
221,CN(C)c1nc(nc(n1)N(C)C)N(C)C,1
222,C1C2CC3CC1CC(C2)(C3)N,1
223,CC[N+](CC)(CCNC(=O)C(=O)NCC[N+](CC)(CC)Cc1ccccc1Cl)Cc2ccccc2Cl,0
224,CC(=O)OCC(=O)C12C(CC3C1(CC(C4(C3CCC5=CC(=O)C=CC54C)F)O)C)OC6(O2)CCCC6,0
225,C(CN)CNCCSP(=O)(O)O,0
226,c1ccc2c(c1)CCc3ccccc3C2NCCCCCCC(=O)O,1
227,C(CCC(=O)O)CCN,1
228,CCC1(CCC(=O)NC1=O)c2ccc(cc2)N,1
229,c1cc(ccc1C(=O)NCC(=O)O)N,0
230,C(CC(=O)O)C(=O)CN,1
231,c1cc(c(cc1N)O)C(=O)O,1
232,CCCCc1c(c2ccccc2o1)C(=O)c3cc(c(c(c3)I)OCCN(CC)CC)I,1
233,CC(=O)Nc1ccc(cc1)C=NNC(=S)N,1
234,CN(C)CCC=C1c2ccccc2CCc3c1cccc3,1
235,CC(C)c1ccc2c(c1)c(=O)c3cc(c(nc3o2)N)C(=O)O,0
236,CC(C(=O)O)O,0
237,CCN(CC)Cc1cc(ccc1O)Nc2ccnc3c2ccc(c3)Cl,1
238,CN(C)CCN1C(=O)c2cccc3c2c(cc(c3)N)C1=O,1
239,c1ccc2c(c1)N=C(c3cc(ccc3O2)Cl)N4CCNCC4,1
240,CC1(C(N2C(S1)C(C2=O)NC(=O)C(c3ccc(cc3)O)N)C(=O)O)C,1
241,CC1C=CC=CC=CC=CC=CC=CC=CC(CC2C(C(CC(O2)(CC(CC(C(CCC(CC(CC(=O)OC(C(C1O)C)C)O)O)O)O)O)O)O)C(=O)O)OC3C(C(C(C(O3)C)O)N)O,1
242,CC1(C(N2C(S1)C(C2=O)NC(=O)C(c3ccccc3)N)C(=O)O)C,1
243,CC(C)CN(CC(C(Cc1ccccc1)NC(=O)OC2CCOC2)O)S(=O)(=O)c3ccc(cc3)N,0
244,COc1cc(ccc1Nc2c3ccccc3nc4c2cccc4)NS(=O)(=O)C,1
245,CC(C)(C#N)c1cc(cc(c1)C(C)(C)C#N)Cn2cncn2,1
246,COc1ccc(cc1)C(=O)N2CCCC2=O,0
247,COc1ccc(cc1)C2C(=O)c3ccccc3C2=O,0
248,CCCC(CCC)C(=O)OC1CC2CCC(C1)[N+]2(C)C,0
249,CN1CCc2cccc-3c2C1Cc4c3c(c(cc4)O)O,0
250,c1c(cc(c(c1Cl)NC2=NCCN2)Cl)N,0
251,CC(c1cc(cc(c1)C(F)(F)F)C(F)(F)F)OC2C(N(CCO2)Cc3[nH][nH]c(=O)n3)c4ccc(cc4)F,1
252,CCN(CC)CCCN(c1ccccc1)C2Cc3ccccc3C2,1
253,c1cc(ccc1CCCCNCC(c2ccc(c(c2)O)O)O)O,0
254,CC1CCN(C(C1)C(=O)O)C(=O)C(CCCN=C(N)N)NS(=O)(=O)c2cccc3c2NCC(C3)C,1
255,CC(C)(C)C(C(=O)NC(Cc1ccccc1)C(CN(Cc2ccc(cc2)c3ccccn3)NC(=O)C(C(C)(C)C)NC(=O)OC)O)NC(=O)OC,1
256,CC(C)NCC(COc1ccc(cc1)CC(=O)N)O,0
257,Cc1ccccc1OC(CCNC)c2ccccc2,1
258,CC(C)c1c(c(c(n1CCC(CC(CC(=O)O)O)O)c2ccc(cc2)F)c3ccccc3)C(=O)Nc4ccccc4,1
259,c1ccc2c(c1)C(=C(C(=O)C2=O)C3CCC(CC3)c4ccc(cc4)Cl)O,1
260,C[N+]1(CCc2cc(c(cc2C1Cc3ccc(c(c3)OC)OC)OC)OC)CCC(=O)OCCCCCOC(=O)CC[N+]4(CCc5cc(c(cc5C4Cc6ccc(c(c6)OC)OC)OC)OC)C,0
261,CCNc1nc(nc(n1)Cl)NC(C)C,1
262,c1nc(nc(=O)n1C2C(C(C(O2)CO)O)O)N,1
263,CN1CCC(=C2c3ccccc3CCc4c2nccc4)CC1,0
264,Cn1cnc(c1Sc2c3c(nc[nH]3)ncn2)N(=O)=O,1
265,C(CCCC(=O)O)CCCC(=O)O,0
266,CN1CCCC(CC1)n2c(=O)c3ccccc3c(n2)Cc4ccc(cc4)Cl,0
267,CCC1C(C(C(N(CC(CC(C(C(C(C(C(=O)O1)C)OC2CC(C(C(O2)C)O)(C)OC)C)OC3C(C(CC(O3)C)N(C)C)O)(C)O)C)C)C)O)(C)O,1
268,CC1(C(N2C(S1)C(C2=O)NC(=O)C(c3ccccc3)NC(=O)N4CCNC4=O)C(=O)O)C,0
269,CCOC(=O)OC(C)OC(=O)C1C(SC2N1C(=O)C2NC(=O)C(c3ccccc3)N)(C)C,0
270,c1cc(ccc1C(CC(=O)O)CN)Cl,1
271,c1cc(ccc1C(=O)NCCC(=O)O)NN=C2C=CC(=O)C(=C2)C(=O)O,0
272,Cn1c2ccc(cc2nc1CCCC(=O)O)N(CCCl)CCCl,0
273,c1ccc(cc1)CC2Nc3cc(c(cc3S(=O)(=O)N2)S(=O)(=O)N)C(F)(F)F,1
274,c1ccc(cc1)C2=c3c4c(sc3=NC(=O)CN2)CCCC4,1
275,c1ccc(cc1)C(=O)NC(Cc2ccc(cc2)O)C(=O)Nc3ccc(cc3)C(=O)O,0
276,CCc1c(c2ccccc2o1)C(=O)c3cc(c(c(c3)Br)O)Br,1
277,CC(=O)C(C(=O)Nc1ccccc1)N=Nc2ccc(cc2Cl)c3ccc(c(c3)Cl)N=NC(C(=O)C)C(=O)Nc4ccccc4,1
278,CCCCNc1ccc(cc1)C(=O)OCCOCCOCCOCCOCCOCCOCCOCCOCCOC,0
279,CC(Cc1ccccc1)N(C)Cc2ccccc2,0
280,CCN(CC)C(=O)C1CN2CCc3cc(c(cc3C2CC1OC(=O)C)OC)OC,0
281,c1ccc(cc1)CSCC2=NS(=O)(=O)c3cc(c(cc3N2)Cl)S(=O)(=O)N,0
282,CC(C)COCC(CN(Cc1ccccc1)c2ccccc2)N3CCCC3,1
283,CC1=C(C(CCC1)(C)C)C=CC(=CC=CC(=CC=CC=C(C)C=CC=C(C)C=CC2=C(CCCC2(C)C)C)C)C,0
284,C[N+](C)(C)CC(=O)O,0
285,CNC(=NC)NCc1ccccc1,0
286,CC(C)(C(=O)O)Oc1ccc(cc1)CCNC(=O)c2ccc(cc2)Cl,1
287,CCNC(=O)CCCC=CCC1C(CC(C1C=CC(CCc2ccccc2)O)O)O,1
288,c1ccc(cc1)C(CCN2CCCCC2)(C3CC4CC3C=C4)O,0
289,CC(C)NCC(COc1ccc(cc1)COCCOC(C)C)O,1
290,Cc1ccc(cc1)C(=O)Oc2ccc(cc2OC(=O)c3ccc(cc3)C)C(CNC(C)(C)C)O,0
291,CC[N+](C)(C)Cc1ccccc1Br,0
292,c1cc(c(c2c1nccn2)Br)NC3=NCCN3,0
293,CC(C)CC1C(=O)N2CCCC2C3(N1C(=O)C(O3)(C(C)C)NC(=O)C4CN(C5Cc6c7c(cccc7[nH]c6Br)C5=C4)C)O,0
294,C(Cl)(Cl)Br,1
295,C(Br)(Br)Br,1
296,c1ccc(cc1)c2c(c(=O)nc([nH]2)N)Br,1
297,c1c(c(=O)[nH]c(=O)n1C2CC(C(O2)CO)O)Br,1
298,CC(C)(C)c1ccc(cc1)CN2CCN(CC2)C(c3ccccc3)c4ccc(cc4)Cl,0
299,CCCC1OC2CC3C4CCC5=CC(=O)C=CC5(C4C(CC3(C2(O1)C(=O)CO)C)O)C,0
300,CC(C)(C)C(C)(C1CC23CCC1(C4C25CCN(C3Cc6c5c(c(cc6)O)O4)CC7CC7)OC)O,0
301,CC(C(=O)c1cccc(c1)Cl)NC(C)(C)C,1
302,c1cnc(nc1)N2CCN(CC2)CCCCN3C(=O)CC4(CCCC4)CC3=O,0
303,CC(C)(C)c1ccc(cc1)CN(C)Cc2cccc3c2cccc3,0
304,c1cc(c(c(c1)Cl)SC(CCc2ccc(cc2)Cl)Cn3ccnc3)Cl,0
305,c1cc2c(cc1O)C34CCCCC3(C(C2)N(CC4)CC5CCC5)O,0
306,Cn1cnc2c1c(=O)n(c(=O)n2C)C,0
307,CC(CCCC(C)(C)O)C1CCC2C1(CCCC2=CC=C3CC(CCC3=C)O)C,0
308,CC(C=CC(C1CC1)O)C2CCC3C2(CCCC3=CC=C4CC(CC(C4=C)O)O)C,0
309,CC(CCCC(C)(C)O)C1CCC2C1(CCCC2=CC=C3CC(CC(C3=C)O)O)C,0
310,CC1(C2CCC1(C(=O)C2)C)C,1
311,CCOc1nc2cccc(c2n1Cc3ccc(cc3)c4ccccc4c5n[nH]nn5)C(=O)OC(C)OC(=O)OC6CCCCC6,1
312,CCCCCOC(=O)Nc1c(cn(c(=O)n1)C2C(C(C(O2)C)O)O)F,1
313,C1CCC(=O)NCC1,1
314,C1C=CCC2C1C(=O)N(C2=O)SC(C(Cl)Cl)(Cl)Cl,1
315,CC(CS)C(=O)N1CCCC1C(=O)O,1
316,C[N+](C)(C)CCOC(=O)N,0
317,CC1(C(N2C(S1)C(C2=O)NC(=O)C(c3ccccc3)C(=O)O)C(=O)O)C,1
318,CCOC(=O)n1ccn(c1=S)C,1
319,CCCCCC(C)(C=CC1C(CC(C1CC=CCCCC(=O)O)O)O)O,0
320,CCCCNC(=O)NS(=O)(=O)c1ccc(cc1)N,1
321,CC(c1ccc2c3cc(ccc3[nH]c2c1)Cl)C(=O)O,1
322,CC(C)(C)NCC(COc1cccc2c1CCC(=O)N2)O,0
323,COc1ccccc1OCCNCC(COc2cccc3c2c4ccccc4[nH]3)O,1
324,CCC(C)CC(C)CCCCCCCCC(=O)NC1CC(C(NC(=O)C2C(CCN2C(=O)C(NC(=O)C(NC(=O)C3CC(CN3C(=O)C(NC1=O)C(C)O)O)C(C(c4ccc(cc4)O)O)O)C(CCN)O)O)NCCN)O,1
325,c1ccc(cc1)C(C(=O)NC2C3N(C2=O)C(=C(CS3)Cl)C(=O)O)N,1
326,CC1=C(N2C(C(C2=O)NC(=O)C(c3ccc(cc3)O)N)SC1)C(=O)O,1
327,Cn1c(nnn1)SCC2=C(N3C(C(C3=O)NC(=O)C(c4ccccc4)O)SC2)C(=O)O,1
328,Cc1nnc(s1)SCC2=C(N3C(C(C3=O)NC(=O)Cn4cnnn4)SC2)C(=O)O,1
329,C=CC1=C(N2C(C(C2=O)NC(=O)C(=NO)c3csc(n3)N)SC1)C(=O)O,1
330,Cc1c(scn1)C=CC2=C(N3C(C(C3=O)NC(=O)C(=NOC)c4csc(n4)N)SC2)C(=O)OCOC(=O)C(C)(C)C,1
331,C=CC1=C(N2C(C(C2=O)NC(=O)C(=NOCC(=O)O)c3csc(n3)N)SC1)C(=O)O,1
332,Cn1c(nnn1)SCC2=C(N3C(C(C3=O)NC(=O)C(=NOC)c4csc(n4)N)SC2)C(=O)O,1
333,Cn1c(nnn1)SCC2=C(N3C(C(C3=O)(NC(=O)CSCC#N)OC)SC2)C(=O)O,1
334,Cc1c(sc(n1)SCC2=C(N3C(C(C3=O)NC(=O)C(=NOC)c4csc(n4)N)SC2)C(=O)O)CC(=O)O,1
335,c1ccc(cc1)C(C(=O)NC2C3N(C2=O)C(=C(CS3)CSc4nnnn4CS(=O)(=O)O)C(=O)O)O,1
336,CCN1CCN(C(=O)C1=O)C(=O)NC(c2ccc(cc2)O)C(=O)NC3C4N(C3=O)C(=C(CS4)CSc5nnnn5C)C(=O)O,1
337,c1ccc(c(c1)CC(=O)NC2C3N(C2=O)C(=C(CS3)CSc4nnnn4CC(=O)O)C(=O)O)CN,1
338,CC(=O)OCC1=C(N2C(C(C2=O)NC(=O)C(=NOC)c3csc(n3)N)SC1)C(=O)O,1
339,Cn1c(nnn1)SCC2=C(N3C(C(C3=O)(NC(=O)C4SC(=C(C(=O)N)C(=O)O)S4)OC)SC2)C(=O)O,1
340,CN(C)CCn1c(nnn1)SCC2=C(N3C(C(C3=O)NC(=O)Cc4csc(n4)N)SC2)C(=O)O,1
341,CON=C(c1csc(n1)N)C(=O)NC2C3N(C2=O)C(=C(CS3)C[n+]4cccc5c4CCC5)C(=O)O,1
342,CC(C)OC(=O)OC(C)OC(=O)C1=C(CSC2N1C(=O)C2NC(=O)C(=NOC)c3csc(n3)N)COC,0
343,CC=CC1=C(N2C(C(C2=O)NC(=O)C(c3ccc(cc3)O)N)SC1)C(=O)O,1
344,c1ccc(cc1)C(C(=O)NC2C3N(C2=O)C(=C(CS3)C[n+]4ccc(cc4)C(=O)N)C(=O)O)S(=O)(=O)O,1
345,CC(C)(C(=O)O)ON=C(c1csc(n1)N)C(=O)NC2C3N(C2=O)C(=C(CS3)C[n+]4ccccc4)C(=O)O,1
346,c1c(nc(s1)N)C(=CCC(=O)O)C(=O)NC2C3N(C2=O)C(=CCS3)C(=O)O,1
347,CON=C(c1csc(n1)N)C(=O)NC2C3N(C2=O)C(=CCS3)C(=O)O,1
348,Cn1c(nc(=O)c(=O)[nH]1)SCC2=C(N3C(C(C3=O)NC(=O)C(=NOC)c4csc(n4)N)SC2)C(=O)O,1
349,CON=C(c1ccco1)C(=O)NC2C3N(C2=O)C(=C(CS3)COC(=O)N)C(=O)O,1
350,CC1=C(N2C(C(C2=O)NC(=O)C(c3ccccc3)N)SC1)C(=O)O,1
351,CC(=O)OCC1=C(N2C(C(C2=O)NC(=O)Cc3cccs3)SC1)C(=O)O,1
352,CC(=O)OCC1=C(N2C(C(C2=O)NC(=O)CSc3ccncc3)SC1)C(=O)O,1
353,CC1=C(N2C(C(C2=O)NC(=O)C(C3=CCC=CC3)N)SC1)C(=O)O,1
354,CCCCC(C(=O)NC(CC(=O)O)C(=O)NC(Cc1ccccc1)C(=O)N)NC(=O)C(Cc2c[nH]c3c2cccc3)NC(=O)CNC(=O)C(C(C)O)NC(=O)C(Cc4ccc(cc4)OS(=O)(=O)O)N,0
355,CC1OC2(CN3CCC2CC3)CS1,1
356,c1cc(ccc1CCCC(=O)O)N(CCCl)CCCl,1
357,c1cc(ccc1C(C(CO)NC(=O)C(Cl)Cl)O)N(=O)=O,1
358,c1cc(ccc1CSc2ccc(cc2)Cl)Cl,1
359,C1(=O)C2(C3(C4(C1(C5(C2(C3(C(C45Cl)(Cl)Cl)Cl)Cl)Cl)Cl)Cl)Cl)Cl,1
360,CN=C1CN(C(=c2cc(ccc2=N1)Cl)c3ccccc3)O,1
361,c1cc(ccc1NC(=NC(=NCCCCCCN=C(N)N=C(N)Nc2ccc(cc2)Cl)N)N)Cl,0
362,C(Cl)(Cl)Cl,1
363,CCN(CC)CCOC(=O)c1ccc(cc1Cl)N,0
364,CCN(CC)CCCC(C)Nc1ccnc2c1ccc(c2)Cl,0
365,c1ccc(cc1)CCl,1
366,COc1ccc(cc1)C(=C(c2ccc(cc2)OC)Cl)c3ccc(cc3)OC,0
367,c1cc2c(cc(c(c2nc1)O)Cl)Cl,0
368,c1cc(ccc1OCC(CO)O)Cl,0
369,CN(C)CCCN1c2ccccc2Sc3c1cc(cc3)Cl,1
370,CCCNC(=O)NS(=O)(=O)c1ccc(cc1)Cl,1
371,CN(C)CCC=C1c2ccccc2Sc3c1cc(cc3)Cl,1
372,CC1(c2c(ccc(c2C(=C3C1CC4C(C(=O)C(=C(N)O)C(=O)C4(C3=O)O)N(C)C)O)O)Cl)O,1
373,c1ccc2c(c1)C(=O)NC2(c3ccc(c(c3)S(=O)(=O)N)Cl)O,0
374,CC(C)(C(=O)NCCS(=O)(=O)O)Oc1ccc(cc1)C(=O)c2ccc(cc2)Cl,0
375,CC(C)C(=O)OCC(=O)C12C(CC3C1(CC(C4C3CCC5=CC(=O)C=CC45C)O)C)OC(O2)C6CCCCC6,0
376,c1cn(c(=O)nc1N)CC(CO)OCP(=O)(O)O,0
377,CC1=C(C(C(=C(N1)C)C(=O)OCC=Cc2ccccc2)c3cccc(c3)N(=O)=O)C(=O)OCCOC,1
378,CC(c1cccc2c1cccc2)NCCCc3cccc(c3)C(F)(F)F,0
379,CCn1c2cc3c(cc2c(=O)c(n1)C(=O)O)OCO3,1
380,CC(C)(C(=O)O)Oc1ccc(cc1)C2CC2(Cl)Cl,1
381,c1nc2c(nc(nc2n1C3CC(C(O3)CO)O)Cl)N,1
382,CCC1C(C(C(C(=O)C(CC(C(C(C(C(C(=O)O1)C)OC2CC(C(C(O2)C)O)(C)OC)C)OC3C(C(CC(O3)C)N(C)C)O)(C)OC)C)C)O)(C)O,1
383,CC(c1ccccc1)(c2ccc(cc2)Cl)OCCC3CCCN3C,0
384,CCCC(=O)OCOC(=O)C1=C(NC(=C(C1c2cccc(c2Cl)Cl)C(=O)OC)C)C,0
385,C[N+]12CCC(CC1)C(C2)OC(=O)C(c3ccccc3)(c4ccccc4)O,0
386,CCCC1CC(N(C1)C)C(=O)NC(C2C(C(C(C(O2)SC)O)O)O)C(C)Cl,1
387,CC1CC2C3CC(C4=CC(=O)C=CC4(C3(C(CC2(C1C(=O)CO)C)O)Cl)C)F,0
388,c1nc2c(nc(nc2n1C3C(C(C(O3)CO)O)F)Cl)N,1
389,CC(C)N=c1cc-2n(c3ccccc3nc2cc1Nc4ccc(cc4)Cl)c5ccc(cc5)Cl,1
390,CCOC(=O)C(C)(C)Oc1ccc(cc1)Cl,1
391,CN(C)CCCN1c2ccccc2CCc3c1cc(cc3)Cl,1
392,c1ccc(c(c1)C2=NCC(=O)Nc3c2cc(cc3)N(=O)=O)Cl,1
393,c1cc(c(c(c1)Cl)NC2=NCCN2)Cl,1
394,COC(=O)C(c1ccccc1Cl)N2CCc3c(ccs3)C2,1
395,c1ccc(cc1)C2=NC(C(=O)Nc3c2cc(cc3)Cl)C(=O)O,1
396,c1ccc(cc1)C(c2ccccc2)(c3ccccc3Cl)n4ccnc4,1
397,COCCCCC(=NOCCN)c1ccc(cc1)Cl,1
398,CN1CCN(CC1)C2=c3ccccc3=Nc4ccc(cc4N2)Cl,1
399,CC1=C(C(=O)C(=C(C1=O)OC)OC)CC=C(C)CCC=C(C)CCC=C(C)CCC=C(C)CCC=C(C)CCC=C(C)CCC=C(C)CCC=C(C)CCC=C(C)CCC=C(C)C,1
400,CC(=O)NC1CCc2cc(c(c(c2-c3c1cc(=O)c(cc3)OC)OC)OC)OC,1
401,Cc1[nH]c2c(n1)-c3ccccc3N(CC2)C(=O)c4ccc(cc4)NC(=O)c5ccccc5c6ccccc6,0
402,Cc1ccc(cc1)O,1
403,c1cc2c(c(c1)OCC(COc3cccc4c3c(=O)cc(o4)C(=O)O)O)c(=O)cc(o2)C(=O)O,0
404,CCN(c1ccccc1C)C(=O)C=CC,0
405,Cc1cc2c(cc1C)n(cn2)C3C(C(C(O3)CO)OP(=O)(O)OC(C)CNC(=O)CCC4(C(C5=NC4=C(C6=NC(=CC7=NC(=C(C8=NC5(C(C8CCC(=O)N)(C)CC(=O)N)C)C)C(C7CCC(=O)N)(C)CC(=O)N)C(C6CCC(=O)N)(C)C)C)CC(=O)N)C)O,0
406,CC1(C(N2C(S1)C(C2=O)NC(=O)C3(CCCCC3)N)C(=O)O)C,0
407,CN(C)CCC=C1c2ccccc2C=Cc3c1cccc3,1
408,CN(C)CCOC(=O)C(c1ccccc1)C2(CCCC2)O,0
409,C1CNP(=O)(OC1)N(CCCl)CCCl,1
410,C1C(C(=O)NO1)N,1
411,CCC1C(=O)N(CC(=O)N(C(C(=O)NC(C(=O)N(C(C(=O)NC(C(=O)NC(C(=O)N(C(C(=O)N(C(C(=O)N(C(C(=O)N(C(C(=O)N1)C(C(C)CC=CC)O)C)C(C)C)C)CC(C)C)C)CC(C)C)C)C)C)CC(C)C)C)C(C)C)CC(C)C)C)C,1
412,c1c2c(cc(c1Cl)S(=O)(=O)N)S(=O)(=O)NC(N2)C3CC4CC3C=C4,0
413,CN1CCC(=C2c3ccccc3C=Cc4c2cccc4)CC1,1
414,CC(=O)C1(CCC2C1(CCC3C2C=C(C4=CC(=O)C5CC5C34C)Cl)C)O,1
415,C(CS)N,1
416,c1cn(c(=O)nc1N)C2C(C(C(O2)CO)O)O,1
417,Cc1ccc(c2c1oc-3c(c(=O)c(c(c3n2)C(=O)NC4C(OC(=O)C(N(C(=O)CN(C(=O)C5CCCN5C(=O)C(NC4=O)C(C)C)C)C)C(C)C)C)N)C)C(=O)NC6C(OC(=O)C(N(C(=O)CN(C(=O)C7CCCN7C(=O)C(NC6=O)C(C)C)C)C)C(C)C)C,1
418,CC12CCC3C(C1CCC2(C#C)O)CCC4=Cc5c(cno5)CC34C,1
419,Cc1ccccc1N2CCN(CC2)CCc3nnc4n3CCCC4,0
420,c1cc(ccc1N)S(=O)(=O)c2ccc(cc2)N,1
421,c1ccc(cc1)C(c2ccccc2)(C3CCN(C3)CCc4ccc5c(c4)CCO5)C(=O)N,0
422,Cc1cccc(c1NC(=O)c2cnc(s2)Nc3cc(nc(n3)C)N4CCN(CC4)CCO)Cl,1
423,c1nc(nc(=O)n1C2CC(C(O2)CO)O)N,1
424,c1cc(ccc1C(=O)O)N2C(=C3C=CC=CC3=O)NC(=C4C=CC=CC4=O)N2,1
425,Cc1c(c(=O)ccn1C)O,1
426,CCOC(=O)C(CCc1ccccc1)NC(C)C(=O)N(CC(=O)O)C2Cc3ccccc3C2,1
427,CC(C)Nc1cccnc1N2CCN(CC2)C(=O)c3cc4cc(ccc4[nH]3)NS(=O)(=O)C,1
428,CN(CCCCCCCCCCN(C)C(=O)Oc1cccc(c1)[N+](C)(C)C)C(=O)Oc2cccc(c2)[N+](C)(C)C,0
429,CN(C)C1C2CC3C(c4c(ccc(c4C(=C3C(=O)C2(C(=O)C(=C(N)O)C1=O)O)O)O)Cl)O,1
430,COc1cc(cc(c1OC)OC)C(=O)OC2CC3CN4CCc5c6ccccc6[nH]c5C4CC3C(C2OC)C(=O)OC,0
431,CNCCCN1c2ccccc2CCc3c1cccc3,1
432,CC1C(C(CC(O1)OC2CCC3(C(C2)CCC4C3CC(C5(C4(CCC5C6=CC(=O)OC6)O)C)O)C)O)OC7CC(C(C(O7)C)OC8CC(C(C(O8)C)OC9C(C(C(C(O9)CO)O)O)O)O)O,0
433,c1cc2c(nc1)C(=C3CCNCC3)c4ccc(cc4CC2)Cl,1
434,c1ccc(cc1)CC2C(=O)NC(C(=O)NC(C(=O)NC(CSSCCC(=O)NC(C(=O)N2)Cc3ccc(cc3)O)C(=O)N4CCCC4C(=O)NC(CCCN=C(N)N)C(=O)NCC(=O)N)CC(=O)N)CCC(=O)N,0
435,CC1CC2C3CCC4=CC(=O)C=CC4(C3(C(CC2(C1C(=O)CO)C)O)F)C,0
436,CN(C)CC(c1ccc(cc1)O)C2(CCCCC2)O,0
437,CCNC(C)Cc1cccc(c1)C(F)(F)F,1
438,CC(C)Cc1ccc(cc1)C(C)C(=O)O,1
439,Cc1c(ccnc1CS(=O)c2[nH]c3ccccc3n2)OCC(F)(F)F,1
440,Cc1cccc(c1C)C(C)c2cnc[nH]2,0
441,CC(CN1CC(=O)NC(=O)C1)N2CC(=O)NC(=O)C2,1
442,C(C1C(C(C(C(O1)OCC2C(C(C(C(O2)OCC(C(C(C(C=O)O)O)O)O)O)O)O)O)O)O)O,1
443,C(C1C(C(C(C(O1)O)O)O)O)O,0
444,c1c(cc(c(c1I)Oc2cc(c(c(c2)I)O)I)I)CC(C(=O)O)N,0
445,CC12CCCCCC(C1N)Cc3c2cc(cc3)O,0
446,CN1c2ccc(cc2C(=NCC1=O)c3ccccc3)Cl,1
447,CCOC(=O)NC1=C(C(=O)C(=C(C1=O)N2CC2)NC(=O)OCC)N3CC3,1
448,CC1=NS(=O)(=O)c2cc(ccc2N1)Cl,1
449,CCCCOc1cc(c2ccccc2n1)C(=O)NCCN(CC)CC,0
450,c1ccc(c(c1)CC(=O)O)Nc2c(cccc2Cl)Cl,1
451,c1ccc2c(c1)c(=O)c(c(o2)O)Cc3c(=O)c4ccccc4oc3O,0
452,c1[nH]c2c(c(=O)n1)ncn2C3CCC(O3)CO,1
453,CC=C(c1ccc(cc1)O)C(=CC)c2ccc(cc2)O,0
454,CCN(CC)C(=O)N1CCN(CC1)C,0
455,CCN(CC)C(C)C(=O)c1ccccc1,0
456,CCC(=C(CC)c1ccc(cc1)O)c2ccc(cc2)O,1
457,c1cc(c(cc1c2ccc(cc2F)F)C(=O)O)O,1
458,CCCC(=O)OC1(CCC2C1(CC(C3(C2CC(C4=CC(=O)C=CC43C)F)F)O)C)C(=O)COC(=O)C,0
459,CC1C(C(CC(O1)OC2C(OC(CC2O)OC3C(OC(CC3O)OC4CCC5(C(C4)CCC6C5CCC7(C6(CCC7C8=CC(=O)OC8)O)C)C)C)C)O)O,0
460,c1ccc2c(c1)c(nnc2NN)NN,1
461,CC1(C(=O)N2C(C(=O)N3CCCC3C2(O1)O)Cc4ccccc4)NC(=O)C5CC6c7cccc8c7c(c[nH]8)CC6N(C5)C,0
462,C(C(CS)S)O,0
463,c1cc(cc(c1)N(=O)=O)N(=O)=O,1
464,CCCCCC(C=CC1C(CC(C1CC=CCCCC(=O)O)O)O)O,0
465,C1COCCO1,1
466,c1ccc(cc1)C(CCCN2CCCCC2)(c3ccccc3)O,0
467,c1ccc(cc1)Sc2ccccc2,1
468,CC(C)(C)C(=O)Oc1ccc(cc1OC(=O)C(C)(C)C)C(CNC)O,0
469,c1cc[n+]2c(c1)-c3cccc[n+]3CC2,1
470,CCC1C(C2C(C(C(CC(C(C(C(C(C(=O)O1)C)OC3CC(C(C(O3)C)O)(C)OC)C)OC4C(C(CC(O4)C)N(C)C)O)(C)O)C)NC(O2)COCCOC)C)(C)O,1
471,CC(C)N(CCC(c1ccccc1)(c2ccccn2)C(=O)N)C(C)C,1
472,CCN(CC)C(=S)SSC(=S)N(CC)CC,1
473,c1cc(c(cc1Cl)Cl)OCCOS(=O)(=O)O,1
474,CC(CCc1ccc(cc1)O)NCCc2ccc(c(c2)O)O,0
475,CN(CCc1ccc(cc1)NS(=O)(=O)C)CCOc2ccc(cc2)NS(=O)(=O)C,0
476,c1ccc2c(c1)c(c[nH]2)C(=O)OC3CC4CC5CC(C3)N4CC5=O,1
477,CC1C2C(C(=O)N2C(=C1SC3CC(NC3)CNS(=O)(=O)N)C(=O)O)C(C)O,1
478,CCNC1CC(S(=O)(=O)c2c1cc(s2)S(=O)(=O)N)C,0
479,C[N+]1(CCc2cc(c(c(c2C1Cc3cc(c(c(c3)OC)OC)OC)OC)OC)OC)CCCOC(=O)CCC(=O)OCCC[N+]4(CCc5cc(c(c(c5C4Cc6cc(c(c(c6)OC)OC)OC)OC)OC)OC)C,0
480,CCN1CC(C(C1=O)(c2ccccc2)c3ccccc3)CCN4CCOCC4,1
481,COc1cc2c(cc1OC)nc(nc2N)N3CCN(CC3)C(=O)C4COc5ccccc5O4,1
482,CC(C)C(C)C=CC(C)C1CCC2C1(CCCC2=CC=C3CC(CC(C3=C)O)O)C,0
483,CC1c2cccc(c2C(=C3C1C(C4C(C(=O)C(=C(N)O)C(=O)C4(C3=O)O)N(C)C)O)O)O,1
484,CCC(=C(c1ccc(cc1)OCCN(C)C)c2cccc(c2)O)c3ccccc3,1
485,CCCCCc1cc(c2c(c1)OC(C3C2C=C(CC3)C)(C)C)O,0
486,CCCCOc1ccc(cc1)C(=O)CCN2CCCCC2,0
487,Cn1c2c(c(=O)n(c1=O)C)n(cn2)CC(CO)O,0
488,c1cc(ccc1S(=O)(=O)NC=NCCSCc2csc(n2)N=C(N)N)Br,1
489,CCOP(=O)(OCC)SCC[N+](C)(C)C,0
490,CCC(Cc1cnc2c(n1)c(nc(n2)N)N)c3ccc(cc3)C(=O)NC(CCC(=O)O)C(=O)O,1
491,C(CN(CC(=O)O)CC(=O)O)N(CC(=O)O)CC(=O)O,0
492,C(CC(C(F)F)(C(=O)O)N)CN,0
493,CN1CCCC1Cc2c[nH]c3c2cc(cc3)CCS(=O)(=O)c4ccccc4,0
494,Cc1ccc(cc1C)n2c(=O)c(c([nH]2)C)NN=C3C=CC=C(C3=O)c4cccc(c4)C(=O)O,1
495,CCOCCn1c2ccccc2nc1N3CCCN(CC3)C,1
496,c1c(c(nc(=O)n1C2CSC(O2)CO)N)F,1
497,CCOC(=O)C(CCc1ccccc1)NC(C)C(=O)N2CCCC2C(=O)O,1
498,C(C(OC(F)F)(F)F)(F)Cl,1
499,CCn1cc(c(=O)c2c1nc(c(c2)F)N3CCNCC3)C(=O)O,1
500,Cc1c([nH]c(=O)[nH]1)C(=O)c2ccc(cc2)SC,1
501,CCN(CC)C(=O)C(=Cc1cc(c(c(c1)O)O)N(=O)=O)C#N,1
502,C=C1C(CC(C1CO)O)n2cnc3c2[nH]c(nc3=O)N,1
503,CC(=Cc1ccccc1)C=C2C(=O)N(C(=S)S2)CC(=O)O,1
504,c1ccc2c(c1)Cc3ccccc3N4C2CN=C4N,0
505,CC12CCC(=O)C=C1CC(C3C24C(O4)CC5(C3CCC56CCC(=O)O6)C)C(=O)OC,1
506,CCCCCC(C=CC1C(CC2C1CC(=CCCCC(=O)O)O2)O)O,0
507,CCCCc1ncc(n1Cc2ccc(cc2)C(=O)O)C=C(Cc3cccs3)C(=O)O,0
508,c1ccc2c(c1)c(c[nH]2)CC3C(=O)N4CCCC4C(=O)NC(CSSCCC(=O)NC(C(=O)NCC(=O)NC(C(=O)N3)CC(=O)O)CCCCN=C(N)N)C(=O)N,0
509,CCC(C)(C)C1C(=O)N2CCCC2C3(N1C(=O)C(O3)(C(C)C)NC(=O)C4CC5c6cccc7c6c(c[nH]7)CC5N(C4)C)O,0
510,CC1(C(=O)N2C(C(=O)N3CCCC3C2(O1)O)Cc4ccccc4)NC(=O)C5CN(C6Cc7c[nH]c8c7c(ccc8)C6=C5)C,0
511,COCCOc1cc2c(cc1OCCOC)ncnc2Nc3cccc(c3)C#C,1
512,CC1C2C(C(=O)N2C(=C1SC3CC(NC3)C(=O)Nc4cccc(c4)C(=O)O)C(=O)O)C(C)O,1
513,CN(C)CCCC1(c2ccc(cc2CO1)C#N)c3ccc(cc3)F,1
514,c1ccc(cc1)C2=NCc3nncn3-c4c2cc(cc4)Cl,0
515,CC12CCC3c4ccc(cc4CCC3C1CCC2O)O,1
516,CC12CCC3c4ccc(cc4CCC3C1CCC2O)OC(=O)N(CCCl)CCCl,1
517,c1cn(c(n1)N(=O)=O)CC(=O)NCCO,1
518,CCC(CO)NCCNC(CC)CO,1
519,CCO,1
520,CCC(C=CCl)(C#C)O,1
521,C#CC1(CCCCC1)OC(=O)N,0
522,CCc1cc(ccn1)C(=S)N,1
523,CCC1(CC(=O)NC1=O)C,0
524,CCBr,1
525,CCCl,1
526,C(CCl)O,1
527,C(CBr)Br,1
528,C(CCl)Cl,1
529,C1CN1,1
530,CCCN(CC)C(CC)C(=O)Nc1c(cccc1C)C,0
531,CC(O)(P(=O)(O)O)P(=O)(O)O,0
532,CCOC(=O)c1cncn1C(C)c2ccccc2,0
533,CCC12CC(=C)C3C(C1CCC2(C#C)O)CCC4=CC(=O)CCC34,1
534,CC1OCC2C(O1)C(C(C(O2)OC3c4cc5c(cc4C(C6C3COC6=O)c7cc(c(c(c7)OC)O)OC)OCO5)O)O,1
535,Cc1cc(cc(c1Oc2c(c(nc(n2)Nc3ccc(cc3)C#N)N)Br)C)C#N,1
536,CC1=C(c2cc(ccc2C1=Cc3ccc(cc3)S(=O)(=O)C)F)CC(=O)O,1
537,c1cc(ccc1C2C(C(=O)N2c3ccc(cc3)F)CCC(c4ccc(cc4)F)O)O,1
538,CC(=O)OCC(CCn1cnc2c1nc(nc2)N)COC(=O)C,1
539,c1c(nc(s1)N=C(N)N)CSCCC(=NS(=O)(=O)N)N,1
540,CCOC(=O)C1=C(NC(=C(C1c2cccc(c2Cl)Cl)C(=O)OC)C)C,0
541,c1ccc(cc1)c2ccc(cc2)C(=O)CCC(=O)O,1
542,CC(C)OC(=O)C(C)(C)Oc1ccc(cc1)C(=O)c2ccc(cc2)Cl,1
543,c1cc(ccc1C2CNCCc3c2cc(c(c3Cl)O)O)O,1
544,CC1=C(C(CCC1)(C)C)C=CC(=CC=CC(=CC(=O)Nc2ccc(cc2)O)C)C,1
545,CCC(=O)N(c1ccccc1)C2CCN(CC2)CCc3ccccc3,0
546,c1ccc(cc1)c2nc(c(s2)CC(=O)O)c3ccc(cc3)Cl,1
547,CC(C)C(=O)Oc1ccc(cc1C(CCN(C(C)C)C(C)C)c2ccccc2)CO,0
548,c1c(c(=O)[nH]c(=O)n1C2C(C(C(O2)CO)O)F)I,1
549,CC12CCC3C(C1CCC2C(=O)NC(C)(C)C)CCC4C3(C=CC(=O)N4)C,0
550,c1cc(c(cc1OCC(F)(F)F)C(=O)NCC2CCCCN2)OCC(F)(F)F,0
551,CN1CCN(CC1)c2c(cc3c(c2F)n(cc(c3=O)C(=O)O)CCF)F,1
552,COC1(C2N(C1=O)C(=C(CO2)CSc3nnnn3CCO)C(=O)O)NC(=O)CSC(F)F,1
553,c1c(c(=O)[nH]c(=O)n1C2CC(C(O2)CO)O)F,1
554,c1cc(c(cc1F)F)C(Cn2cncn2)(Cn3cncn3)O,1
555,c1c(c([nH]c(=O)n1)N)F,1
556,CCOC(=O)c1c2n(cn1)-c3ccc(cc3C(=O)N(C2)C)F,0
557,CC1CCc2cc(cc3c2n1cc(c3=O)C(=O)O)F,1
558,CC1CC2C3CC(C4=CC(=O)C=CC4(C3(C(CC2(C1(C(=O)CO)O)C)O)F)C)F,0
559,c1ccc(cc1)C=CCN2CCN(CC2)C(c3ccc(cc3)F)c4ccc(cc4)F,0
560,CC1(OC2CC3C4CC(C5=CC(=O)C=CC5(C4(C(CC3(C2(O1)C(=O)CO)C)O)F)C)F)C,0
561,CC(=O)OCC(=O)C12C(CC3C1(CC(C4(C3CC(C5=CC(=O)C=CC54C)F)F)O)C)OC(O2)(C)C,0
562,CC1CC2C3CCC(C3(CC(C2(C4(C1=CC(=O)C=C4)C)F)O)C)(C(=O)C)O,0
563,c1c(c(=O)[nH]c(=O)[nH]1)F,1
564,CNCCC(c1ccccc1)Oc2ccc(cc2)C(F)(F)F,1
565,CC12CCC(=O)C=C1CCC3C2(C(CC4(C3CCC4(C)O)C)O)F,1
566,c1ccc2c(c1)N(c3cc(ccc3S2)C(F)(F)F)CCCN4CCN(CC4)CCO,1
567,CC1(OC2CC3C4CC(C5=CC(=O)CCC5(C4C(CC3(C2(O1)C(=O)CO)C)O)C)F)C,0
568,CCN(CC)CCN1c2ccc(cc2C(=NCC1=O)c3ccccc3F)Cl,1
569,CC(c1ccc(c(c1)F)c2ccccc2)C(=O)O,1
570,CC1CC2C3CC(C4=CC(=O)C=CC4(C3(C(CC2(C1(C(=O)SCF)O)C)O)F)C)F,0
571,CC(C)n1c2ccccc2c(c1C=CC(CC(CC(=O)O)O)O)c3ccc(cc3)F,1
572,c1cc(ccc1C(=O)NC(CCC(=O)O)C(=O)O)NCc2cnc3c(n2)c(=O)nc([nH]3)N,0
573,Cc1c[nH]nc1,1
574,COC1C(C(C(C(O1)COS(=O)(=O)O)OC2C(C(C(C(O2)C(=O)O)OC3C(C(C(C(O3)COS(=O)(=O)O)OC4C(C(C(C(O4)C(=O)O)OC5C(C(C(C(O5)COS(=O)(=O)O)O)O)NS(=O)(=O)O)O)O)OS(=O)(=O)O)NS(=O)(=O)O)O)OS(=O)(=O)O)O)NS(=O)(=O)O,1
575,CC12CCC(=O)C(=C1CCC3C2CCC4(C3CCC4=O)C)O,0
576,CC(C)CN(CC(C(Cc1ccccc1)NC(=O)OC2CCOC2)OP(=O)(O)O)S(=O)(=O)c3ccc(cc3)N,1
577,CC(c1cc(cc(c1)C(F)(F)F)C(F)(F)F)OC2C(N(CCO2)Cc3[nH]n(c(=O)n3)P(=O)(O)O)c4ccc(cc4)F,1
578,C(=O)(O)P(=O)(O)O,1
579,CC1C(O1)P(=O)(O)O,1
580,CCC(=O)OC(C(C)C)OP(=O)(CCCCc1ccccc1)CC(=O)N2CC(CC2C(=O)O)C3CCCCC3,1
581,c1ccc(cc1)C2(C(=O)N(C(=O)N2)COP(=O)(O)O)c3ccccc3,0
582,CC(C)c1cccc(c1OCOP(=O)(O)O)C(C)C,0
583,CCOP(=O)(C(C)NC(=O)N(CCCl)N=O)OCC,1
584,CNC1CCc2c(c3cc(ccc3[nH]2)C(=O)N)C1,0
585,CC12CCC3c4ccc(cc4CC(C3C1CCC2O)CCCCCCCCCS(=O)CCCC(C(F)(F)F)(F)F)O,0
586,c1cc(oc1C=NN2CCOC2=O)N(=O)=O,1
587,c1cc(oc1)CNc2cc(c(cc2C(=O)O)S(=O)(=O)N)Cl,1
588,CC1C2CCC3(C(C2(CCC1O)C)C(CC4C3(CC(C4=C(CCC=C(C)C)C(=O)O)OC(=O)C)C)O)C,1
589,C1CCC(CC1)(CC(=O)O)CN,1
590,CCOC(=O)c1ccc(cc1)OC(=O)CCCCCN=C(N)N,1
591,CNC(=O)CN(CCN(CCN(CC(=O)NC)CC(=O)O)CC(=O)O)CC(=O)O,0
592,c1ccc(cc1)C2(CCC(CC2)OP(=O)(O)OCC(CN(CCN(CC(=O)O)CC(=O)O)CC(=O)O)N(CC(=O)O)CC(=O)O)c3ccccc3,1
593,C(CN(CC(=O)O)CC(=O)O)N(CCN(CC(=O)O)CC(=O)O)CC(=O)O,1
594,CC(CN1CCN(CCN(CCN(CC1)CC(=O)O)CC(=O)O)CC(=O)O)O,0
595,COCCNC(=O)CN(CCN(CCN(CC(=O)NCCOC)CC(=O)O)CC(=O)O)CC(=O)O,0
596,CCOc1ccc(cc1)CC(CN(CCN(CC(=O)O)CC(=O)O)CC(=O)O)N(CC(=O)O)CC(=O)O,1
597,CC[N+](CC)(CC)CCOc1cccc(c1OCC[N+](CC)(CC)CC)OCC[N+](CC)(CC)CC,0
598,C(CC(=O)O)CO,0
599,c1nc2c(n1COC(CO)CO)[nH]c(nc2=O)N,1
600,CC1CN(CCN1)c2c(cc3c(c2OC)n(cc(c3=O)C(=O)O)C4CC4)F,1
601,COc1cc2c(cc1OCCCN3CCOCC3)c(ncn2)Nc4ccc(c(c4)Cl)F,1
602,c1cn(c(=O)nc1N)C2C(C(C(O2)CO)O)(F)F,1
603,CON=C1CN(CC1CN)c2c(cc3c(=O)c(cn(c3n2)C4CC4)C(=O)O)F,1
604,CC1(COC(C(C1NC)O)OC2C(CC(C(C2O)OC3C(CCC(O3)CN)N)N)N)O,0
605,CN(C)c1ccc(cc1)C(=C2C=CC(=[N+](C)C)C=C2)c3ccc(cc3)N(C)C,0
606,Cc1ccc(cc1)S(=O)(=O)NC(=O)NN2CC3CCCC3C2,1
607,CCC1=C(CN(C1=O)C(=O)NCCc2ccc(cc2)S(=O)(=O)NC(=O)NC3CCC(CC3)C)C,1
608,CCC1(CCC(=O)NC1=O)c2ccccc2,0
609,COc1ccc(cc1C(=O)NCCc2ccc(cc2)S(=O)(=O)NC(=O)NC3CCCCC3)Cl,1
610,C[N+]1(CCC(C1)OC(=O)C(c2ccccc2)(C3CCCC3)O)C,0
611,CC(C)CC(C(=O)NC(CCCN=C(N)N)C(=O)N1CCCC1C(=O)NCC(=O)N)NC(=O)CNC(=O)C(Cc2ccc(cc2)O)NC(=O)C(CO)NC(=O)C(Cc3c[nH]c4c3cccc4)NC(=O)C(Cc5cnc[nH]5)NC(=O)C6CCC(=O)N6,0
612,CC(C)CC(C(=O)NC(CCCN=C(N)N)C(=O)N1CCCC1C(=O)NNC(=O)N)NC(=O)C(COC(C)(C)C)NC(=O)C(Cc2ccc(cc2)O)NC(=O)C(CO)NC(=O)C(Cc3c[nH]c4c3cccc4)NC(=O)C(Cc5cnc[nH]5)NC(=O)C6CCC(=O)N6,0
613,Cc1c2c(cc(c1F)N3CCNC(C3)C)n(cc(c2=O)C(=O)O)C4CC4,1
614,CC1CC(=O)C=C(C12C(=O)c3c(cc(c(c3O2)Cl)OC)OC)OC,1
615,c1cc(c(c(c1)Cl)C=NN=C(N)N)Cl,1
616,C1CCC2(CC1)OCC(O2)CN=C(N)N,0
617,c1cc(c(c(c1)Cl)CC(=O)N=C(N)N)Cl,1
618,C(CCCN=C(N)N)CCC(=O)NC(C(=O)NCCCCNCCCN)O,0
619,c1ccc(cc1)C2=NCC(=O)N(c3c2cc(cc3)Cl)CC(F)(F)F,0
620,CCC(=O)OC1(C(CC2C1(CC(C3(C2CC(C4=CC(=O)C=CC43C)F)F)O)C)C)C(=O)CCl,0
621,CCCCN(CCCC)CCC(c1cc2c(cc(cc2Cl)Cl)c3c1ccc(c3)C(F)(F)F)O,1
622,C(C(F)(F)F)(Cl)Br,1
623,CC(=O)NC1C(C(C(OC1O)COS(=O)(=O)O)OC2C(C(C(C(O2)C(=O)O)OC3C(C(C(C(O3)CO)OC4C(C(C(C(O4)C(=O)O)O)O)OS(=O)(=O)O)OS(=O)(=O)O)NS(=O)(=O)O)O)OS(=O)(=O)O)O,1
624,C1=CC(C2C1C3(C(=C(C2(C3(Cl)Cl)Cl)Cl)Cl)Cl)Cl,1
625,c1c(c(c(c(c1Cl)Cl)Cc2c(c(cc(c2Cl)Cl)Cl)O)O)Cl,0
626,c1c([nH]cn1)CCN,0
627,CN1C2CCC1CC(C2)OC(=O)C(c3ccccc3)O,0
628,CC(C)(CCCC(CC(=O)OC)(C(=O)OC1C2c3cc4c(cc3CCN5C2(CCC5)C=C1OC)OCO4)O)O,1
629,c1cc(oc1)CNc2c3c(nc[nH]3)ncn2,0
630,c1ccc2c(c1)cnnc2NN,1
631,c1c2c(cc(c1Cl)S(=O)(=O)N)S(=O)(=O)NCN2,1
632,CCC1CN2CCC1CC2C(c3ccnc4c3cc(cc4)OC)O,1
633,CCN(CCCC(C)Nc1ccnc2c1ccc(c2)Cl)CCO,0
634,C(=O)(N)NO,1
635,CCCCCN(C)CCC(O)(P(=O)(O)O)P(=O)(O)O,1
636,CC1C(C(CC(O1)OC2CC(Cc3c2c(c4c(c3O)C(=O)c5ccccc5C4=O)O)(C(=O)C)O)N)O,1
637,c1c(c(=O)[nH]c(=O)n1C2CC(C(O2)CO)O)I,1
638,C1CN(P(=O)(OC1)NCCCl)CCCl,1
639,CC#CCC(C)C(C=CC1C(CC2C1CC(=CCCCC(=O)O)C2)O)O,1
640,Cc1ccc(cc1Nc2nccc(n2)c3cccnc3)NC(=O)c4ccc(cc4)CN5CCN(CC5)C,1
641,CCOC(=O)C(CCc1ccccc1)NC(C)C(=O)N2C(CN(C2=O)C)C(=O)O,1
642,CN(C)CCCN1c2ccccc2CCc3c1cccc3,1
643,CC(C)Cn1cnc2c1c3ccccc3nc2N,1
644,c1cnccc1c2cc(c(=O)[nH]c2)N,1
645,c1ccc2c(c1)CC=C2,1
646,CC1(c2c3ccccc3ccc2[N+](=C1C=CC=CC=CC=C4C(c5c6ccccc6ccc5N4CCCCS(=O)(=O)O)(C)C)CCCCS(=O)(=O)O)C,0
647,Cc1c(c2cc(ccc2n1C(=O)c3ccc(cc3)Cl)OC)CC(=O)O,1
648,c1cc(cc(c1)I)CN=C(N)N,1
649,CN(CC(CO)O)C(=O)c1c(c(c(c(c1I)NC(=O)C(CO)CO)I)C(=O)N(C)CC(CO)O)I,0
650,CC(CN(c1c(cc(c(c1I)N)I)I)C(=O)C)C(=O)O,0
651,c1c(c(c(c(c1I)NC(=O)CCCCC(=O)Nc2c(cc(c(c2I)C(=O)O)I)I)I)C(=O)O)I,1
652,CC(=O)N(CC(CO)O)c1c(c(c(c(c1I)C(=O)NCC(CO)O)I)C(=O)NCC(CO)O)I,0
653,CCC(Cc1c(cc(c(c1I)N)I)I)C(=O)O,0
654,CN(c1c(c(c(c(c1I)C(=O)NC(CO)C(CO)O)I)C(=O)NC(CO)C(CO)O)I)C(=O)CC(=O)N(C)c2c(c(c(c(c2I)C(=O)NC(CO)C(CO)O)I)C(=O)NC(CO)C(CO)O)I,0
655,C(CO)N(c1c(c(c(c(c1I)C(=O)NCC(CO)O)I)C(=O)NCC(CO)O)I)C(=O)CO,0
656,CC(=O)N(CC(CO)O)c1c(c(c(c(c1I)C(=O)NCC(CO)O)I)C(=O)NCCO)I,0
657,CN(C)C=Nc1c(cc(c(c1I)CCC(=O)O)I)I,0
658,CCCCC1=NC2(CCCC2)C(=O)N1Cc3ccc(cc3)c4ccccc4c5n[nH]nn5,1
659,CCc1c2cc(ccc2nc-3c1Cn4c3cc5c(c4=O)COC(=O)C5(CC)O)OC(=O)N6CCC(CC6)N7CCCCC7,1
660,CC1(COC(C(C1NC)O)OC2C(CC(C(C2O)OC3C(C(C(C(O3)CN)O)O)O)N)NC(=O)C(CN)O)O,1
661,Cc1cc(no1)C(=O)NNCc2ccccc2,1
662,CCC(C(c1ccc(c(c1)O)O)O)NC(C)C,0
663,C(C(F)(F)F)(OC(F)F)Cl,1
664,CC(C)OP(=O)(OC(C)C)F,0
665,C1C(C2C(O1)C(CO2)ON(=O)=O)ON(=O)=O,0
666,CC1=C(C(C(=C(N1)C)C(=O)OC(C)C)c2cccc3c2non3)C(=O)OC,1
667,CCC(C)n1c(=O)n(cn1)c2ccc(cc2)N3CCN(CC3)c4ccc(cc4)OCC5COC(O5)(Cn6cncn6)c7ccc(cc7Cl)Cl,1
668,CCC(C)C1C(CCC2(O1)CC3CC(O2)CC=C(C(C(C=CC=C4COC5C4(C(C=C(C5O)C)C(=O)O3)O)C)OC6CC(C(C(O6)C)OC7CC(C(C(O7)C)O)OC)OC)C)C,1
669,Cc1nc(cs1)C=C(C)C2CC3C(O3)(CCCC(C(C(C(=O)C(C(CC(=O)N2)O)(C)C)C)O)C)C,0
670,CC1CC=CC=CC(C(CC(C(C(C(CC(=O)O1)OC(=O)C)OC)OC2C(C(C(C(O2)C)OC3CC(C(C(O3)C)OC(=O)CC(C)C)(C)O)N(C)C)O)CC=O)C)O,1
671,CNC1(CCCCC1=O)c2ccccc2Cl,0
672,CC(c1cccc(c1)C(=O)c2ccccc2)C(=O)O,1
673,c1ccc(cc1)C(=O)c2ccc3n2CCC3C(=O)O,1
674,CN1CCC(=C2c3ccccc3CC(=O)c4c2ccs4)CC1,0
675,CC(CCc1ccccc1)NCC(c2ccc(c(c2)C(=O)N)O)O,1
676,CCOC(=O)C1=C(NC(=C(C1c2ccccc2C=CC(=O)OC(C)(C)C)C(=O)OCC)C)C,1
677,c1cn(c(=O)nc1N)C2CSC(O2)CO,1
678,CC(C)C1C(=O)NC(CSSCC(C(=O)NC(C(=O)NC(C(=O)NC(C(=O)N1)CCCCN)Cc2c[nH]c3c2cccc3)Cc4ccc(cc4)O)NC(=O)C(Cc5ccc6ccccc6c5)N)C(=O)NC(C(C)O)C(=O)N,0
679,CC(C)OC(=O)CCCC=CCC1C(CC(C1CCC(CCc2ccccc2)O)O)O,0
680,c1cc(ncc1Cl)C(=O)NCCN,1
681,Cc1c(cno1)C(=O)Nc2ccc(cc2)C(F)(F)F,1
682,c1cc2c(c(c1)N)CN(C2=O)C3CCC(=O)NC3=O,1
683,CCNC(=O)C1CCCN1C(=O)C(CCCN=C(N)N)NC(=O)C(C(C)C)NC(=O)C(C(C)C)NC(=O)C(Cc2ccc(cc2)O)NC(=O)C(CO)NC(=O)C(Cc3c[nH]c4c3cccc4)NC(=O)C(Cc5cnc[nH]5)NC(=O)C6CCC(=O)N6,1
684,c1ccc(cc1)C2CN3CCSC3=N2,1
685,CCC(C(=O)N)N1CCCC1=O,1
686,CC1CN(CCC1(c2ccccc2)C(=O)O)C3CCC(CC3)(C#N)c4ccc(cc4)F,0
687,c1ccc(cc1)C(c2ccc(cc2)Cl)N3CCN(CC3)CCOCC(=O)O,1
688,c1cc(ccc1C(=O)NC(CCC(=O)O)C(=O)O)NCC2CNc3c(c(=O)nc([nH]3)N)N2C=O,0
689,CCC12CCC3C(C1CCC2(C#C)O)CCC4=CC(=O)CCC34,1
690,CN1CCC23CCCCC2C1Cc4c3cc(cc4)O,0
691,c1cc(cc(c1)Cl)C(c2ccc3c(c2)[nH]cn3)n4ccnc4,1
692,C1(C(C(C(C(C1Cl)Cl)Cl)Cl)Cl)Cl,0
693,CC(=O)NCC1CN(C(=O)O1)c2ccc(c(c2)F)N3CCOCC3,1
694,CC(Cc1ccccc1)NC(=O)C(CCCCN)N,0
695,c1ccc(cc1)CCC(C(=O)O)NC(CCCCN)C(=O)N2CCCC2C(=O)O,1
696,c1c(cc(c(c1NC(=O)C(=O)O)Cl)NC(=O)C(=O)O)C#N,0
697,CN(CCCN1c2ccccc2CCc3c1cccc3)CC(=O)c4ccc(cc4)Cl,1
698,CCn1cc(c(=O)c2c1c(c(c(c2)F)N3CCNC(C3)C)F)C(=O)O,0
699,C1CCC(CC1)NC(=O)N(CCCl)N=O,0
700,c1ccc2c(c1)c(nn2Cc3ccc(cc3Cl)Cl)C(=O)O,1
701,CN(C)C(=O)C(CCN1CCC(CC1)(c2ccc(cc2)Cl)O)(c3ccccc3)c4ccccc4,0
702,c1ccc(cc1)C(C(=O)NC2C3CCC(=C(N3C2=O)C(=O)O)Cl)N,1
703,c1ccc(c(c1)C2=NC(C(=O)Nc3c2cc(cc3)Cl)O)Cl,1
704,CCCCc1nc(c(n1Cc2ccc(cc2)c3ccccc3c4n[nH]nn4)CO)Cl,1
705,CC12CC(C3C(C1CCC2(C(=O)OCCl)O)CCC4=CC(=O)C=CC34C)O,0
706,CCC(C)C(=O)OC1CC(C=C2C1C(C(C=C2)C)CCC3CC(CC(=O)O3)O)C,1
707,CN1CCN(CC1)C2=Nc3ccccc3Oc4c2cc(cc4)Cl,1
708,CCCCC(C1(CCC2C(O1)CC(=O)C2CCCCCCC(=O)O)O)(F)F,0
709,c1ccc(cc1)CC2C(=O)NC(C(=O)NC(C(=O)NC(CSSCC(C(=O)NC(C(=O)N2)Cc3ccc(cc3)O)N)C(=O)N4CCCC4C(=O)NC(CCCCN)C(=O)NCC(=O)N)CC(=O)N)CCC(=O)N,0
710,c1cc(ccc1CN)S(=O)(=O)N,0
711,Cc1c(c(c(cn1)COP(=O)(O)O)CN(CCN(Cc2c(cnc(c2O)C)COP(=O)(O)O)CC(=O)O)CC(=O)O)O,1
712,Cc1nnc(n1C2CC3CCC(C2)N3CCC(c4ccccc4)NC(=O)C5CCC(CC5)(F)F)C(C)C,1
713,CC(C)CC(C(C(=O)NO)O)C(=O)NC(C(=O)NC)C(C)(C)C,1
714,c1ccc2c(c1)C3=NCCN3C2(c4ccc(cc4)Cl)O,0
715,COC(=O)Nc1[nH]c2cc(ccc2n1)C(=O)c3ccccc3,1
716,CC1(C2CCC(C2)C1(C)NC)C,0
717,C(CCl)C(CCCl)N,0
718,Cc1ccc(c(c1Cl)Nc2ccccc2C(=O)O)Cl,1
719,CC1CC2C(CCC3(C2CCC3(C(=O)C)O)C)C4(C1=CC(=O)CC4)C,1
720,CC1CC2C3CCC(C3(CC(C2C4(C1=CC(=O)CC4)C)O)C)C(=O)C,0
721,Cc1cccc(c1C)Nc2ccccc2C(=O)O,1
722,Cc1cnc(s1)NC(=C2C(=O)c3ccccc3S(=O)(=O)N2C)O,1
723,c1cc(ccc1CC(C(=O)O)N)N(CCCl)CCCl,1
724,CC12CC3CC(C1)(CC(C3)(C2)N)C,1
725,C[N+]1(CCCC(C1)OC(=O)C(c2ccccc2)(c3ccccc3)O)C,0
726,CCOC(=O)C1(CCN(CC1)C)c2ccccc2,0
727,CC(C)(Cc1ccccc1)NC,0
728,CCC1(C(=O)NC(=O)N(C1=O)C)c2ccccc2,1
729,Cc1cccc(c1NC(=O)C2CCCCN2C)C,0
730,CCCC(C)(COC(=O)N)COC(=O)N,0
731,CC1C2C(C(=O)N2C(=C1SC3CC(NC3)C(=O)N(C)C)C(=O)O)C(C)O,1
732,c1cc(c(cc1N)C(=O)O)O,1
733,C(CS(=O)(=O)O)S,0
734,CN1CCCCC1CCN2c3ccccc3Sc4c2cc(cc4)S(=O)C,0
735,CC(C(c1cccc(c1)O)O)N,0
736,Cn1cc2c3c1cccc3C4CC(CN(C4C2)C)CNC(=O)OCc5ccccc5,1
737,CN(C)C(=N)N=C(N)N,1
738,CC(C[N+](C)(C)C)OC(=O)C,0
739,CCC(=O)C(CC(C)N(C)C)(c1ccccc1)c2ccccc2,1
740,CC[N+](C)(CC)CCOC(=O)C1c2ccccc2Oc3c1cccc3,0
741,CC(=O)N=c1n(nc(s1)S(=O)(=O)N)C,0
742,CN1CCC(C1)CN2c3ccccc3Sc4c2cccc4,1
743,C1N2CN3CN1CN(C2)C3,1
744,CC1=CC(=O)CC2C1(C3CCC4(C(C3CC2)CCC4OC(=O)C)C)C,1
745,CC1(C(N2C(S1)C(C2=O)NC(=O)c3c(cccc3OC)OC)C(=O)O)C,0
746,Cn1cc[nH]c1=S,1
747,COc1ccccc1OCC(COC(=O)N)O,0
748,CCC#CC(C)C1(C(=O)NC(=O)N(C1=O)C)CC=C,1
749,CC(=NOC(=O)NC)SC,1
750,CN(Cc1cnc2c(n1)c(nc(n2)N)N)c3ccc(cc3)C(=O)NC(CCC(=O)O)C(=O)O,1
751,CC(CN1c2ccccc2Sc3c1cc(cc3)OC)CN(C)C,0
752,COc1c2c(ccc(=O)o2)cc3c1occ3,1
753,COc1ccc(cc1)C(c2ccc(cc2)OC)C(Cl)(Cl)Cl,1
754,COC(C(Cl)Cl)(F)F,1
755,CC1(CC(=O)N(C1=O)C)c2ccccc2,0
756,CCl,1
757,CNc1ccccc1,1
758,CC(Cc1ccc(c(c1)O)O)(C(=O)O)N,1
759,C[N+]1(CCC23c4c5ccc(c4OC2C(=O)CCC3(C1C5)O)O)CC6CC6,0
760,CC1CC2C3CCC(C3(CC(C2C4(C1=CC(=O)C=C4)C)O)C)(C(=O)CO)O,1
761,CC12CCC(=O)C=C1CCC3C2CCC4(C3CCC4(C)O)C,1
762,Cc1cc(c(c(c1OC(=O)C)C)C)OCC(CNC(C)C)O,0
763,C[N+]1(CCc2cc(c3cc2C1Cc4ccc(cc4)Oc5c6c(cc(c5OC)OC)CC[N+](C6Cc7ccc(c(c7)O3)OC)(C)C)OC)C,0
764,Cc1ccccc1N2C(Nc3cc(c(cc3C2=O)S(=O)(=O)N)Cl)C,1
765,CC(C)NCC(COc1ccc(cc1)CCOC)O,1
766,CC(C)(C)c1c(=O)n(c(nn1)SC)N,1
767,CC(=O)Nc1c(c(c(c(c1I)N(C)C(=O)C)I)C(=O)NC2C(C(C(OC2O)CO)O)O)I,0
768,Cc1ncc(n1CCO)N(=O)=O,1
769,Cc1cccc(c1OCC(C)N)C,1
770,CC1(C(N2C(S1)C(C2=O)NC(=O)C(c3ccccc3)NC(=O)N4CCN(C4=O)S(=O)(=O)C)C(=O)O)C,1
771,CCCCCOc1ccc(cc1)c2cc(no2)c3ccc(cc3)C(=O)NC4CC(C(NC(=O)C5C(C(CN5C(=O)C(NC(=O)C(NC(=O)C6CC(CN6C(=O)C(NC4=O)C(C)O)O)C(C(c7ccc(c(c7)OS(=O)(=O)O)O)O)O)C(CC(=O)N)O)C)O)O)O,1
772,COc1ccc(c(c1)C(CNC(=O)CN)O)OC,0
773,CC#CC1(CCC2C1(CC(C3=C4CCC(=O)C=C4CCC23)c5ccc(cc5)N(C)C)C)O,0
774,C1C(C(C(C(N1CCO)CO)O)O)O,0
775,CCCCN1CC(C(C(C1CO)O)O)O,0
776,Cc1c(cc(c(=O)[nH]1)C#N)c2ccncc2,1
777,CCCCCCCCCCCCCCCCOP(=O)(O)OCC[N+](C)(C)C,1
778,CN(C)c1ccc(c2c1CC3CC4C(C(=O)C(=C(N)O)C(=O)C4(C(=O)C3=C2O)O)N(C)C)O,1
779,c1c(n(c(=N)nc1N2CCCCC2)O)N,1
780,CCC(=O)OC1CC(=O)OC(CC=CC=CC(C(CC(C(C1OC)OC2C(C(C(C(O2)C)OC3CC(C(C(O3)C)OC(=O)CC)(C)OC(=O)C)N(C)C)O)CC=O)C)OC(=O)C)C,0
781,CN1CCN2c3c(cccn3)Cc4ccccc4C2C1,1
782,CC(=NN=C(N)N)C=NN=C(N)N,1
783,C(C(C(C(C(CBr)O)O)O)O)Br,1
784,c1ccc(c(c1)C(c2ccc(cc2)Cl)C(Cl)Cl)Cl,0
785,c1cc(c2c(c1NCCNCCO)C(=O)c3c(ccc(c3C2=O)O)O)NCCNCCO,1
786,C[N+]1(CCc2cc(c(cc2C1Cc3cc(c(c(c3)OC)OC)OC)OC)OC)CCCOC(=O)CCC=CCCC(=O)OCCC[N+]4(CCc5cc(c(cc5C4Cc6cc(c(c(c6)OC)OC)OC)OC)OC)C,0
787,c1cc(cc(c1)N(=O)=O)N,1
788,c1ccc(cc1)C(c2ccccc2)S(=O)CC(=O)N,1
789,CCOC(=O)C(CCc1ccccc1)NC(C)C(=O)N2Cc3cc(c(cc3CC2C(=O)O)OC)OC,1
790,CCc1c([nH]c2c1C(=O)C(CC2)CN3CCOCC3)C,1
791,CC1CC2C3CCC4=CC(=O)C=CC4(C3(C(CC2(C1(C(=O)CCl)O)C)O)Cl)C,0
792,c1ccc(cc1)COc2ccc(cc2)O,0
793,CCCCCCCC(=O)OCC(CO)O,1
794,CC(C)(c1ccccc1CCC(c2cccc(c2)C=Cc3ccc4ccc(cc4n3)Cl)SCC5(CC5)CC(=O)O)O,1
795,CCOC(=O)Nc1ccc2c(c1)N(c3ccccc3S2)C(=O)CCN4CCOCC4,1
796,c1cc(cc(c1)Nc2c(cccn2)C(=O)OCCN3CCOCC3)C(F)(F)F,0
797,CC(C1C(O1)CC2COC(C(C2O)O)CC(=CC(=O)OCCCCCCCCC(=O)O)C)C(C)O,0
798,Cc1c2c(c(c(c1OC)CC=C(C)CCC(=O)O)O)C(=O)OC2,1
799,CC(=O)N(C)C,1
800,CN(C)C=O,1
801,CC(=O)Nc1ccc-2c(c1)Cc3c2cccc3,1
802,CCCCCCC(C)(C)c1cc(c2c(c1)OC(C3C2CC(=O)CC3)(C)C)O,0
803,CC(C)(C)NCC(COc1cccc2c1CC(C(C2)O)O)O,0
804,CCOc1ccc2ccccc2c1C(=O)NC3C4N(C3=O)C(C(S4)(C)C)C(=O)O,1
805,CN(CC=Cc1ccccc1)Cc2cccc3c2cccc3,0
806,c1cc(c2c3c1CC4C5(C3(CCN4CC6CCC6)C(O2)C(CC5)O)O)O,0
807,CCn1cc(c(=O)c2c1nc(cc2)C)C(=O)O,0
808,C=CCN1CCC23c4c5ccc(c4OC2C(=O)CCC3(C1C5)O)O,0
809,CC(c1ccc2cc(ccc2c1)OC)C(=O)O,1
810,CC(C)C1CCC(CC1)C(=O)NC(Cc2ccccc2)C(=O)O,1
811,c1cc2c(cc1F)CCC(O2)C(CNCC(C3CCc4cc(ccc4O3)F)O)O,1
812,CCCc1c2c(cc3c1oc(cc3=O)C(=O)O)c(=O)cc(n2CC)C(=O)O,0
813,COc1c2c(nc(n1)N)n(cn2)C3C(C(C(O3)CO)O)O,0
814,Cc1c(cccc1O)C(=O)NC(CSc2ccccc2)C(CN3CC4CCCCC4CC3C(=O)NC(C)(C)C)O,1
815,c1ccc(cc1)C(=O)c2cccc(c2N)CC(=O)N,0
816,CCNC1CC(C(C(C1OC2C(C(C(CO2)(C)O)NC)O)O)OC3C(CC=C(O3)CN)N)N,1
817,c1cc(cnc1)C(=O)N,1
818,c1cc(c(cc1N(=O)=O)Cl)NC(=O)c2cc(ccc2O)Cl,0
819,CN1CCCC1c2cccnc2,0
820,CC1=C(C(C(=C(N1)C)C(=O)OC)c2ccccc2N(=O)=O)C(=O)OC,1
821,c1cc(cc(c1)Nc2c(cccn2)C(=O)O)C(F)(F)F,1
822,CC1=C(C(C(=C(N1)C#N)C(=O)OC)c2cccc(c2)N(=O)=O)C(=O)OC(C)C,1
823,CS(=O)(=O)Nc1ccc(cc1Oc2ccccc2)N(=O)=O,1
824,CC1=C(C(C(=C(N1)C)C(=O)OC(C)C)c2cccc(c2)N(=O)=O)C(=O)OCCOC,1
825,CN(c1c(cc(cc1N(=O)=O)N(=O)=O)N(=O)=O)N(=O)=O,1
826,CCOC(=O)C1=C(NC(=C(C1c2cccc(c2)N(=O)=O)C(=O)OC)C)C,1
827,c1cc(oc1C=NN2CC(=O)NC2=O)N(=O)=O,1
828,c1cc(oc1C=NNC(=O)N)N(=O)=O,0
829,C(C(CON(=O)=O)ON(=O)=O)ON(=O)=O,0
830,CNC(=CN(=O)=O)NCCSCc1csc(n1)CN(C)C,1
831,CN(C)N=O,1
832,Cc1ccc2c(c1Sc3ccncc3)c(=O)nc([nH]2)N,1
833,CCn1cc(c(=O)c2c1cc(c(c2)F)N3CCNCC3)C(=O)O,1
834,CNCCC=C1c2ccccc2CCc3c1cccc3,1
835,Cc1c(ccc2c1oc(c(c2=O)NC(=O)c3ccc(c(c3)CC=C(C)C)O)O)OC4C(C(C(C(O4)(C)C)OC)OC(=O)N)O,1
836,CC1C=CC=CCCC=CC=CC=CC=CC(CC2C(C(CC(O2)(CC(C(CCC(CC(CC(CC(=O)OC(C(C1O)C)C)O)O)O)O)O)O)O)C(=O)O)OC3C(C(C(C(O3)C)O)N)O,0
837,CC(C1C(=O)NC(CSSCC(C(=O)NC(C(=O)NC(C(=O)NC(C(=O)N1)CCCCN)Cc2c[nH]c3c2cccc3)Cc4ccccc4)NC(=O)C(Cc5ccccc5)N)C(=O)NC(CO)C(C)O)O,1
838,c1ccc(c(c1)Cl)Cl,1
839,Cc1cc2=C(Nc3ccccc3N=c2s1)N4CCN(CC4)C,1
840,CN(C)CCC=C1c2ccccc2COc3c1cc(cc3)CC(=O)O,0
841,c1cc(c(cc1NN=C2C=CC(=O)C(=C2)C(=O)O)C(=O)O)O,1
842,Cc1nccn1CC2CCc3c(c4ccccc4n3C)C2=O,1
843,c1ccc2c(c1)C=Cc3ccccc3N2CCCN4CCN(CC4)CCO,1
844,CCC(CC)OC1C=C(CC(C1NC(=O)C)N)C(=O)OCC,1
845,Cc1c(c(no1)c2ccccc2)C(=O)NC3C4N(C3=O)C(C(S4)(C)C)C(=O)O,1
846,CC(C)NCC1CCc2cc(c(cc2N1)N(=O)=O)CO,1
847,c1ccc(cc1)c2c(oc(n2)CCC(=O)O)c3ccccc3,1
848,c1ccc(cc1)C2=NC(C(=O)Nc3c2cc(cc3)Cl)O,1
849,c1ccc2c(c1)CC(=O)c3ccccc3N2C(=O)N,1
850,c1cc(c(cc1Cl)Cl)CON=C(Cn2ccnc2)c3ccc(cc3Cl)Cl,0
851,CC(C)NCC(COc1ccccc1OCC=C)O,0
852,CN1CCC23c4c5ccc(c4OC2C(=O)CCC3(C1C5)O)OC,0
853,Cc1cc(c(c(c1CC2=NCCN2)C)O)C(C)(C)C,0
854,CN1CCCN=C1COC(=O)C(c2ccccc2)(C3CCCCC3)O,0
855,c1ccc2c(c1)C(C(=O)N2)(c3ccc(cc3)O)c4ccc(cc4)O,1
856,c1cc(ccc1Cc2ccc(cc2)N)N,1
857,CC1=C2C(C(=O)C3(C(CC4C(C3C(C(C2(C)C)(CC1OC(=O)C(C(c5ccccc5)NC(=O)c6ccccc6)O)O)OC(=O)c7ccccc7)(CO4)OC(=O)C)O)C)OC(=O)C,1
858,Cc1c(c(=O)n2c(n1)C(CCC2)O)CCN3CCC(CC3)c4c5ccc(cc5on4)F,0
859,c1cc2c3c(c1)C(=O)N(CC3CCC2)C4CN5CCC4CC5,1
860,C(CN)C(O)(P(=O)(O)O)P(=O)(O)O,0
861,CC(=O)OC1CC2CCC3C(C2(CC1[N+]4(CCCCC4)C)C)CCC5(C3CC(C5OC(=O)C)[N+]6(CCCCC6)C)C,1
862,COc1ccnc(c1OC)CS(=O)c2[nH]c3cc(ccc3n2)OC(F)F,1
863,CCC1(C(=O)N(C(=O)O1)C)C,1
864,CC(C=CC(C)C(C)(C)O)C1CCC2C1(CCCC2=CC=C3CC(CC(C3)O)O)C,0
865,c1cc(ccc1C2CCNCC2COc3ccc4c(c3)OCO4)F,1
866,CN(C)c1ccc(cc1)N=Nc2ccccc2,1
867,CCn1cc(c(=O)c2c1cc(c(c2)F)N3CCN(CC3)C)C(=O)O,1
868,COCCOC(=O)NCCCCC(C(=O)NCCCCCOP(=O)(C)O)NC(=O)OCCOC,0
869,c1cc(ccc1CCc2c[nH]c3c2c(=O)nc([nH]3)N)C(=O)NC(CCC(=O)O)C(=O)O,1
870,Cc1cccn2c1ncc(c2=O)c3n[nH]nn3,1
871,c1nc2c(n1CCC(CO)CO)[nH]c(nc2=O)N,0
872,c1cc(ccc1C(CCCN2CCC(CC2)(c3ccc(c(c3)C(F)(F)F)Cl)O)c4ccc(cc4)F)F,0
873,CC(C)(C(C(=O)O)N)S,1
874,CC1(C(N2C(S1)C(C2=O)NC(=O)COc3ccccc3)C(=O)O)C,1
875,C(C(Cl)(Cl)Cl)(Cl)Cl,1
876,CC(C)COC(=O)NCCC(=O)NC(Cc1c[nH]c2c1cccc2)C(=O)NC(CCSC)C(=O)NC(CC(=O)O)C(=O)NC(Cc3ccccc3)C(=O)N,0
877,c1cc(ccc1C(=N)N)OCCCCCOc2ccc(cc2)C(=N)N,1
878,CCCC(C)C1(C(=O)NC(=O)NC1=O)CC,0
879,CN1CCN(CC1)CCCN2c3ccccc3Sc4c2cccc4,1
880,CCCN1CC(CC2C1Cc3c[nH]c4c3c2ccc4)CSC,0
881,c1ccc2c(c1)N(c3cc(ccc3S2)C#N)CCCN4CCC(CC4)O,1
882,CC1(C(C1C(=O)OCc2cccc(c2)Oc3ccccc3)C=C(Cl)Cl)C,0
883,c1ccc2c(c1)N(c3cc(ccc3S2)Cl)CCCN4CCN(CC4)CCO,1
884,c1ccc(cc1)CC(=O)NC(=O)N,1
885,c1ccc(cc1)CCNN,1
886,c1ccc(cc1)C2C(=O)c3ccccc3C2=O,1
887,CC1C(OCCN1)c2ccccc2,0
888,CCC1(C(=O)NC(=O)NC1=O)c2ccccc2,1
889,c1ccc(cc1)O,1
890,CCC(c1ccccc1)c2c(=O)c3ccccc3oc2O,0
891,CC(C)(Cc1ccccc1)N,0
892,Cc1ccc(cc1)N(CC2=NCCN2)c3cccc(c3)O,0
893,CCCCC1C(=O)N(N(C1=O)c2ccccc2)c3ccccc3,1
894,c1ccc(cc1)C2(C(=O)NC(=O)N2)c3ccccc3,1
895,c1c(cc(c(c1N(=O)=O)O)N(=O)=O)N(=O)=O,1
896,CCC1C=C(CC(CC(C2C(CC(C(O2)(C(=O)C(=O)N3CCCCC3C(=O)OC(C(C(CC1=O)O)C)C(=CC4CCC(C(C4)OC)Cl)C)O)C)OC)OC)C)C,0
897,CC(C)NCC(COc1cccc2c1cc[nH]2)O,1
898,CCc1ccc(nc1)CCOc2ccc(cc2)CC3C(=O)NC(=O)S3,1
899,CC(=O)OC1CC2CCC3C(C2(CC1N4CC[N+](CC4)(C)C)C)CCC5(C3CC(C5OC(=O)C)N6CC[N+](CC6)(C)C)C,0
900,CCN1CCN(C(=O)C1=O)C(=O)NC(c2ccccc2)C(=O)NC3C4N(C3=O)C(C(S4)(C)C)C(=O)O,1
901,C1CNCCN1,0
902,C1CN(CCN1C(=O)CCBr)C(=O)CCBr,0
903,CN(C)S(=O)(=O)c1ccc2c(c1)N(c3ccccc3S2)CCCN4CCC(CC4)CCO,1
904,CC1C(C(CC(O1)OC2CC(Cc3c2c(c4c(c3O)C(=O)c5cccc(c5C4=O)OC)O)(C(=O)CO)O)N)OC6CCCCO6,1
905,c1cc(ccc1c2cn(nc2CC(=O)O)c3ccc(cc3)F)Cl,1
906,CC(C)(C)NCC(c1ccc(c(n1)CO)O)O,0
907,c1ccc(cc1)Oc2c(cc(cc2S(=O)(=O)N)C(=O)O)N3CCCC3,1
908,c1cnc(nc1)N2CCN(CC2)Cc3ccc4c(c3)OCO4,1
909,CN1C(=C(Nc2ccccn2)O)C(=O)c3ccccc3S1(=O)=O,1
910,CC(c1ccc(c(c1)Cl)N2CC=CC2)C(=O)O,1
911,c1cc(ccc1CN2CCCNCCNCCCNCC2)CN3CCCNCCNCCCNCC3,0
912,Cc1c(cc2cc3c(c(c2c1O)O)C(=O)C(C(C3)C(C(=O)C(C(C)O)O)OC)OC4CC(C(C(O4)C)O)OC5CC(C(C(O5)C)O)OC6CC(C(C(O6)C)O)(C)O)OC7CC(C(C(O7)C)O)OC8CC(C(C(O8)C)O)O,1
913,COc1cc(cc(c1OC)OC)C2c3cc4c(cc3C(C5C2C(=O)OC5)O)OCO4,0
914,CCC(C)CCCCC(=O)NC(CCN)C(=O)NC(C(C)O)C(=O)NC(CCN)C(=O)NC1CCNC(=O)C(NC(=O)C(NC(=O)C(NC(=O)C(NC(=O)C(NC(=O)C(NC1=O)CCN)Cc2ccccc2)CC(C)C)CCN)CCN)C(C)O,0
915,C=Cc1ccccc1S(=O)(=O)O,0
916,CN1C(Nc2cc(c(cc2S1(=O)=O)S(=O)(=O)N)Cl)CSCC(F)(F)F,0
917,CCC(C(C)O)n1c(=O)n(cn1)c2ccc(cc2)N3CCN(CC3)c4ccc(cc4)OCC5CC(OC5)(Cn6cncn6)c7ccc(cc7F)F,1
918,CN1C=CC=CC1=CN=O,0
919,c1ccc(cc1)CCCCOc2ccc(cc2)C(=O)Nc3ccc4c(=O)cc(oc4c3)c5n[nH]nn5,1
920,c1ccc2c(c1)CCN3C2CN(CC3=O)C(=O)C4CCCCC4,1
921,COc1cc2c(cc1OC)nc(nc2N)N3CCN(CC3)C(=O)c4ccco4,1
922,CCC(=O)OCC(=O)C1(CCC2C1(CC(C3C2CCC4=CC(=O)C=CC34C)O)C)OC(=O)OCC,0
923,CC(C)CC(CC(=O)O)CN,1
924,CCCNC(C)C(=O)Nc1ccccc1C,0
925,CCCN(CCC)S(=O)(=O)c1ccc(cc1)C(=O)O,1
926,CC(C)(C)c1cc(cc(c1O)C(C)(C)C)SC(C)(C)Sc2cc(c(c(c2)C(C)(C)C)O)C(C)(C)C,1
927,CCN(CC)CCNC(=O)c1ccc(cc1)N,1
928,CCN(CC)CCOC(=O)c1ccc(cc1)N,0
929,CC(C)NC(=O)c1ccc(cc1)CNNC,1
930,CN1CCN(CC1)CCCN2c3ccccc3Sc4c2cc(cc4)Cl,1
931,c1ccc(cc1)C(CCN2CCCC2)(C3CCCCC3)O,0
932,c1cc(ccc1C(=C2C=C(C=CC2=O)F)NCCCC(=O)N)Cl,1
933,CC(=O)C1CCC2C1(CCC3C2CCC4=CC(=O)CCC34C)C,1
934,CN(C)CCCN1c2ccccc2Sc3c1cccc3,1
935,CCCNCC(COc1ccccc1C(=O)CCc2ccccc2)O,1
936,CC(C)[N+](C)(CCOC(=O)C1c2ccccc2Oc3c1cccc3)C(C)C,0
937,CCCOc1ccc(cc1N)C(=O)OCCN(CC)CC,0
938,CCC(=O)c1ccc2c(c1)N(c3ccccc3S2)CC(C)N(C)C,0
939,CC(C)c1cccc(c1O)C(C)C,1
940,CCC(=O)OC(Cc1ccccc1)(c2ccccc2)C(C)CN(C)C,1
941,CC(C)NCC(COc1cccc2c1cccc2)O,1
942,CC(CCl)Cl,1
943,CCCOC(=O)Cn1cc(c(=O)c(c1)I)I,0
944,c1cnc(cn1)C(=O)N,1
945,c1ccncc1,1
946,CCc1c(c(nc(n1)N)N)c2ccc(cc2)Cl,0
947,Cc1cc(c(n1c2ccccc2)C)C=Cc3ccc4cc(ccc4[n+]3C)N(C)C,0
948,c1ccc(c(c1)C2=NCC(=S)N(c3c2cc(cc3)Cl)CC(F)(F)F)F,0
949,c1ccc2c(c1)C(=Nc3ccccc3S2)N4CCN(CC4)CCOCCO,1
950,CCN(CC)CCCC(C)Nc1c2ccc(cc2nc3c1cc(cc3)OC)Cl,1
951,CCOC(=O)C(CCc1ccccc1)NC(C)C(=O)N2Cc3ccccc3CC2C(=O)O,0
952,CC12CCC3c4ccc(cc4CCC3C1CCC2(C#C)O)OC5CCCC5,1
953,CCC1Nc2cc(c(cc2C(=O)N1)S(=O)(=O)N)Cl,1
954,COc1ccc2c(c1)c(ccn2)C(C3CC4CCN3CC4C=C)O,1
955,c1cc(ccc1c2c(c3ccc(cc3s2)O)C(=O)c4ccc(cc4)OCCN5CCCCC5)O,1
956,CCC(=O)NCCC1CCc2c1c3c(cc2)OCC3,0
957,CCOC(=O)C(CCc1ccccc1)NC(C)C(=O)N2C3CCCC3CC2C(=O)O,1
958,Cc1cccc(c1NC(=O)CN2CCN(CC2)CC(COc3ccccc3OC)O)C,0
959,CCC(=O)OC1C(CC2C1(CCC3C2CCC4C3(CC(C(C4)OC(=O)C)N5CCCCC5)C)C)[N+]6(CCCCC6)CC=C,0
960,C#CCNC1CCc2c1cccc2,0
961,COc1ccc2c(c1)[nH]c3c2CCN4C3CC5C(C4)CC(C(C5C(=O)OC)OC)OC(=O)C=Cc6cc(c(c(c6)OC)OC)OC,0
962,COc1ccc2c(c1)[nH]c3c2CCN4C3CC5C(C4)CC(C(C5C(=O)OC)OC)OC(=O)c6cc(c(c(c6)OC)OC)OC,0
963,c1cc(cc(c1)O)O,1
964,CC1CCC23CCC(=O)C2C1(C(CC(C(C3C)O)(C)C=C)OC(=O)CSC4CC5CCC(C4)N5C)C,0
965,c1nc(nn1C2C(C(C(O2)CO)O)O)C(=O)N,1
966,Cc1c(c2c3c4c1OC(C4=O)(OC=CC(C(C(C(C(C(C(C(C=CC=C(C(=O)NC(=C5C3=NC6(N5)CCN(CC6)CC(C)C)C2=O)C)C)O)C)O)C)OC(=O)C)C)OC)C)O,1
967,Cc1c(c2c3c4c1OC(C4=O)(OC=CC(C(C(C(C(C(C(C(C=CC=C(C(=O)NC(=C2O)C(=CNN5CCN(CC5)C6CCCC6)C3=O)C)C)O)C)O)C)OC(=O)C)C)OC)C)O,1
968,CC(C12CC3CC(C1)CC(C3)C2)N,0
969,CCC(=O)C1(C(CC2C1(CC(C3C2CCC4=CC(=O)C=CC34C)O)C)C)C,0
970,Cc1c(c(=O)n2c(n1)CCCC2)CCN3CCC(CC3)c4c5ccc(cc5on4)F,1
971,CC(C(c1ccc(cc1)O)O)NCCc2ccc(cc2)O,1
972,CCN(C)C(=O)Oc1cccc(c1)C(C)N(C)C,0
973,CN(C)CCc1c[nH]c2c1cc(cc2)Cn3cncn3,0
974,COP(=S)(OC)Oc1cc(c(cc1Cl)Cl)Cl,1
975,CCCN(CCC)CCc1cccc2c1CC(=O)N2,0
976,CCCN1CCCCC1C(=O)Nc2c(cccc2C)C,0
977,CN(CCOc1ccc(cc1)CC2C(=O)NC(=O)S2)c3ccccn3,1
978,CC(C)c1c(c(nc(n1)N(C)S(=O)(=O)C)c2ccc(cc2)F)C=CC(CC(CC(=O)O)O)O,1
979,CCCN(CCc1cccs1)C2CCc3c(cccc3O)C2,0
980,CC(=O)OCC(=O)NCCCOc1cccc(c1)CN2CCCCC2,1
981,CCC1C(C(C(C(=NOCOCCOC)C(CC(C(C(C(C(C(=O)O1)C)OC2CC(C(C(O2)C)O)(C)OC)C)OC3C(C(CC(O3)C)N(C)C)O)(C)O)C)C)O)(C)O,1
982,c1cc(c(c(c1)F)Cn2cc(nn2)C(=O)N)F,0
983,CC1Oc2ccc(cc2O1)C(C)(C)C,0
984,c1ccc(cc1)CCCCOCCCCCCNCC(c2ccc(c(c2)CO)O)O,0
985,c1ccc(c(c1)C(=O)Oc2ccccc2C(=O)O)O,1
986,C(CN(CP(=O)(O)O)CP(=O)(O)O)N(CP(=O)(O)O)CP(=O)(O)O,0
987,CC(C(C1CNc2c(c(=O)nc([nH]2)N)N1)O)O,0
988,CC(C)(C)NC(=O)C1CC2CCCCC2CN1CC(C(Cc3ccccc3)NC(=O)C(CC(=O)N)NC(=O)c4ccc5ccccc5n4)O,1
989,CCCC(C)C1(C(=O)NC(=O)NC1=O)CC=C,0
990,CC(Cc1ccccc1)N(C)CC#C,0
991,c1cc2c(csc2c(c1)Cl)COC(Cn3ccnc3)c4ccc(cc4Cl)Cl,1
992,CNC1CCC(c2c1cccc2)c3ccc(c(c3)Cl)Cl,1
993,CC(C)CC(C1(CCC1)c2ccc(cc2)Cl)N(C)C,1
994,CCCc1c2c(c(=O)nc([nH]2)c3cc(ccc3OCC)S(=O)(=O)N4CCN(CC4)C)n(n1)C,1
995,CC(Cc1cc2c(c(c1)C(=O)N)N(CC2)CCCO)NCCOc3ccccc3OCC(F)(F)F,1
996,c1cnc(nc1)[N-]S(=O)(=O)c2ccc(cc2)N,0
997,CCC(C)(C)C(=O)OC1CC(C=C2C1C(C(C=C2)C)CCC3CC(CC(=O)O3)O)C,1
998,CSCCC(C(=O)NCC(=O)NC(Cc1c[nH]c2c1cccc2)C(=O)NC(CCSC)C(=O)NC(CC(=O)O)C(=O)NC(Cc3ccccc3)C(=O)N)NC(=O)C(Cc4ccc(cc4)OS(=O)(=O)O)NC(=O)C(CC(=O)O)N,0
999,c1ccc(cc1)CCCC(=O)O,1
1000,c1ccc(cc1)C2c3ccccc3CCN2C(=O)OC4CN5CCC4CC5,0
1001,CNC(=O)c1cc(ccn1)Oc2ccc(cc2)NC(=O)Nc3ccc(c(c3)C(F)(F)F)Cl,1
1002,CC(C)NCC(c1ccc(cc1)NS(=O)(=O)C)O,1
1003,CC1CC(=O)C2(C(O1)OC3C(C(C(C(C3O2)NC)O)NC)O)O,1
1004,CC12CCC3C(C1CCC2(C)O)CCC4C3(Cc5cn[nH]c5C4)C,1
1005,Cc1cn(c(=O)[nH]c1=O)C2C=CC(O2)CO,1
1006,CC1C(C(C(O1)OC2C(C(C(C(C2O)O)N=C(N)N)O)N=C(N)N)OC3C(C(C(C(O3)CO)O)O)NC)(C=O)O,0
1007,CN(C(=O)NC1C(C(C(OC1O)CO)O)O)N=O,1
1008,C=Cc1ccccc1,1
1009,C(C(C(=O)O)S)(C(=O)O)S,1
1010,C(C1C(C(C(C(O1)OC2(C(C(C(O2)OS(=O)(=O)O)OS(=O)(=O)O)OS(=O)(=O)O)COS(=O)(=O)O)OS(=O)(=O)O)OS(=O)(=O)O)OS(=O)(=O)O)OS(=O)(=O)O,1
1011,CCC(=O)N(c1ccccc1)C2(CCN(CC2)CCc3cccs3)COC,0
1012,CC(=O)NS(=O)(=O)c1ccc(cc1)N,0
1013,CCn1ccc(nc1=O)NS(=O)(=O)c2ccc(cc2)N,1
1014,Cc1nnc(s1)NS(=O)(=O)c2ccc(cc2)N,1
1015,Cc1c(noc1NS(=O)(=O)c2ccc(cc2)N)C,1
1016,CCN1CCCC1CNC(=O)c2cc(ccc2OC)S(=O)(=O)N,1
1017,c1ccc2c(c1)c(c3c(n2)CCCC3)N,1
1018,CC1CC(C2C(CC(C(O2)(C(=O)C(=O)N3CCCCC3C(=O)OC(C(C(CC(=O)C(C=C(C1)C)CC=C)O)C)C(=CC4CCC(C(C4)OC)O)C)O)C)OC)OC,1
1019,CC(C)(C)NCC(COc1ccc(cc1)NC(=O)NC2CCCCC2)O,1
1020,CCOc1ccccc1OCCNC(C)Cc2ccc(c(c2)S(=O)(=O)N)OC,0
1021,CCC(c1cccc(c1)O)C(C)CN(C)C,1
1022,CCOC(=O)c1ccc(nc1)C#Cc2ccc3c(c2)C(CCS3)(C)C,0
1023,CCOCCP(CCOCC)CCP(CCOCC)CCOCC,0
1024,CCCCCN=C(N)NNC=C1C=Nc2c1cc(cc2)CO,1
1025,Cc1cn(c(=O)[nH]c1=O)C2CC(C(O2)CO)O,1
1026,CCCc1nc2c(cc(cc2n1Cc3ccc(cc3)c4ccccc4C(=O)O)c5nc6ccccc6n5C)C,1
1027,CC1(C(N2C(S1)C(C2=O)(NC(=O)C(c3ccsc3)C(=O)O)OC)C(=O)O)C,0
1028,CC1CCC2CC(C(=CC=CC=CC(CC(C(=O)C(C(C(=CC(C(=O)CC(OC(=O)C3CCCCN3C(=O)C(=O)C1(O2)O)C(C)CC4CCC(C(C4)OC)OC(=O)C(C)(CO)CO)C)C)O)OC)C)C)C)OC,1
1029,c1cc(sc1)C(=O)c2c3cc(ccc3n(c2O)C(=O)N)Cl,1
1030,COc1cc(cc(c1O)OC)C2c3cc4c(cc3C(C5C2C(=O)OC5)OC6C(C(C7C(O6)COC(O7)c8cccs8)O)O)OCO4,1
1031,CC(C)OC(=O)OCOP(=O)(COC(C)Cn1cnc2c1ncnc2N)OCOC(=O)OC(C)C,1
1032,CN1C(=C(Nc2ccccn2)O)C(=O)c3c(ccs3)S1(=O)=O,1
1033,COc1cc2c(cc1OC)nc(nc2N)N3CCN(CC3)C(=O)C4CCCO4,0
1034,CC(C)(C)NCC(c1cc(cc(c1)O)O)O,1
1035,CC(C)(C)NCC(COc1cccc2c1SCCC2)O,0
1036,CC12CCC3C(C1CCC(=O)O2)CCC4=CC(=O)C=CC34C,0
1037,CC12CCC3C(C1CCC2O)CCC4=CC(=O)CCC34C,1
1038,CC(C)CC1CN2CCc3cc(c(cc3C2CC1=O)OC)OC,0
1039,C(=C(Cl)Cl)(Cl)Cl,1
1040,CC1(c2cccc(c2C(=C3C1CC4C(C(=O)C(=C(N)O)C(=O)C4(C3=O)O)N(C)C)O)O)O,1
1041,c1ccc2c(c1)CCCC2C3=NCCN3,0
1042,c1ccc2c(c1)C(=O)N(C2=O)C3CCC(=O)NC3=O,1
1043,c1ccc2c(c1)[nH]c(n2)c3cscn3,1
1044,CCSc1ccc2c(c1)N(c3ccccc3S2)CCCN4CCN(CC4)C,1
1045,c1[nH]c2c(n1)[nH]c(nc2=S)N,1
1046,CCCC(C)C1(C(=O)NC(=S)NC1=O)CC,1
1047,c1ccc(cc1)S,1
1048,C1CN1P(=S)(N2CC2)N3CC3,0
1049,CN1CCN(CC1)CCC=C2c3ccccc3Sc4c2cc(cc4)S(=O)(=O)N(C)C,1
1050,c1c([nH]cn1)CC(C(=O)N2CCCC2C(=O)N)NC(=O)C3CCC(=O)N3,0
1051,Cc1ccsc1C(=CCCN2CCCC(C2)C(=O)O)c3c(ccs3)C,0
1052,CC(c1ccc(s1)C(=O)c2ccccc2)C(=O)O,1
1053,CC1CC2=C(CCC(=O)C2)C3C1C4CCC(C4(CC3)C)(C#C)O,0
1054,CC1(C(N2C(S1)C(C2=O)NC(=O)C(c3ccsc3)C(=O)O)C(=O)O)C,0
1055,CC(C)(C)NCC(=O)Nc1cc(c2c(c1O)C(=C3C(C2)CC4C(C(=O)C(=C(N)O)C(=O)C4(C3=O)O)N(C)C)O)N(C)C,1
1056,c1cc(ccc1SC(P(=O)(O)O)P(=O)(O)O)Cl,0
1057,CC(C)(C)NCC(COc1c(nsn1)N2CCOCC2)O,0
1058,c1cc(c(cc1Cl)Cl)C(Cn2ccnc2)OCc3ccsc3Cl,0
1059,CC(C(=O)NCC(=O)O)S,1
1060,C[N+]1(C2CC(CC1C3C2O3)OC(=O)C(c4cccs4)(c5cccs5)O)C,0
1061,CC1CC2C3CCC4=CC(=O)C=CC4(C3=CCC2(C1C(=O)CN5CCN(CC5)c6cc(nc(n6)N7CCCC7)N8CCCC8)C)C,1
1062,CCCCS(=O)(=O)NC(Cc1ccc(cc1)OCCCCC2CCNCC2)C(=O)O,0
1063,c1cc(c(c2c1nsn2)NC3=NCCN3)Cl,1
1064,Cc1ccc(cc1)S(=O)(=O)NC(=O)NN2CCCCCC2,1
1065,c1ccc(cc1)CC2=NCCN2,1
1066,CCCCNC(=O)NS(=O)(=O)c1ccc(cc1)C,1
1067,CC1(OC2COC3(C(C2O1)OC(O3)(C)C)COS(=O)(=O)N)C,1
1068,CN(C)CCOc1ccc(cc1)C(=C(CCCl)c2ccccc2)c3ccccc3,1
1069,Cc1cccc(c1)Nc2ccncc2S(=O)(=O)NC(=O)NC(C)C,0
1070,CN(C)CC1CCCCC1(c2cccc(c2)OC)O,1
1071,CCOC(=O)C(CCc1ccccc1)NC(C)C(=O)N2C3CCCCC3CC2C(=O)O,0
1072,COc1ccc(cc1OC)C=CC(=O)Nc2ccccc2C(=O)O,1
1073,CC(C)OC(=O)CCCC=CCC1C(CC(C1C=CC(COc2cccc(c2)C(F)(F)F)O)O)O,0
1074,c1ccn2c(c1)nn(c2=O)CCCN3CCN(CC3)c4cccc(c4)Cl,1
1075,CCCCCC(CCC1C2Cc3cccc(c3CC2CC1O)OCC(=O)O)O,0
1076,CC1=C(C(CCC1)(C)C)C=CC(=CC=CC(=CC(=O)O)C)C,1
1077,Cc1nnc2n1-c3ccc(cc3C(=NC2)c4ccccc4Cl)Cl,1
1078,C(=C(Cl)Cl)Cl,1
1079,CC[N+](CC)(CC)CCC(c1ccccc1)(C2CCCCC2)O,0
1080,C(CNCCNCCN)N,0
1081,CN1CCN(CC1)CCCN2c3ccccc3Sc4c2cc(cc4)C(F)(F)F,1
1082,c1c(c(=O)[nH]c(=O)n1C2CC(C(O2)CO)O)C(F)(F)F,0
1083,CC(CN1c2ccccc2Sc3c1cccc3)CN(C)C,1
1084,CC1(C(=O)N(C(=O)O1)C)C,1
1085,c1ccc(cc1)CN2C3C[S+]4CCCC4C3N(C2=O)Cc5ccccc5,0
1086,CN(C)CCOc1ccc(cc1)CNC(=O)c2cc(c(c(c2)OC)OC)OC,1
1087,COc1cc(cc(c1OC)OC)Cc2cnc(nc2N)N,1
1088,Cc1c(ccc2c1c(nc(n2)N)N)CNc3cc(c(c(c3)OC)OC)OC,1
1089,CC(CN1c2ccccc2CCc3c1cccc3)CN(C)C,1
1090,Cc1cc(=O)oc2c1cc3cc(oc3c2C)C,0
1091,CN(C)CCN(Cc1ccccc1)c2ccccn2,0
1092,Cc1ccc(cc1)C(=CCN2CCCC2)c3ccccn3,0
1093,CC1CC(C(C(O1)OC2C(CC3(CO3)C(=O)C(C(C(C(OC(=O)C(C(C2C)OC4CC(C(C(O4)C)OC(=O)C)OC)C)C)C)OC(=O)C)C)C)OC(=O)C)N(C)C,1
1094,C(C(CO)(CO)N)O,1
1095,CCN(Cc1ccncc1)C(=O)C(CO)c2ccccc2,0
1096,c1ccc(cc1)C(c2ccccc2)(C(=O)OC3CC4CCC(C3)[N+]45CCCC5)O,0
1097,Cc1cc(ccc1NN=C2C(=Cc3cc(cc(c3C2=O)N)S(=O)(=O)O)S(=O)(=O)O)c4ccc(c(c4)C)NN=C5C(=Cc6cc(cc(c6C5=O)N)S(=O)(=O)O)S(=O)(=O)O,0
1098,CCCC(=O)Nc1c(cc(c(c1I)CC(CC)C(=O)O)I)I,0
1099,CCCCCCCC(=O)CCC1C(CC(C1CC=CCCCC(=O)O)O)O,0
1100,CCC(C)C1C(=O)NC(C(=O)NC(C(=O)NC(CSSCC(C(=O)NC(C(=O)N1)Cc2ccc(cc2)O)N)C(=O)N3CCCC3C(=O)NC(CC(C)C)C(=O)NCC(=O)N)CC(=O)N)C(C)O,0
1101,Cc1c(c(c2c(c1O)C3(C(=CC(=O)C(C3=O)C(=O)C)O2)C)C(=O)C)O,1
1102,CC(C)C(C(=O)OCCOCn1cnc2c1[nH]c(nc2=O)N)N,1
1103,CC(C)C(C(=O)OCC(CO)OCn1cnc2c1[nH]c(nc2=O)N)N,0
1104,CCCCC(=O)OCC(=O)C1(Cc2c(c(c3c(c2O)C(=O)c4cccc(c4C3=O)OC)O)C(C1)OC5CC(C(C(O5)C)O)NC(=O)C(F)(F)F)O,0
1105,CCCCC(=O)N(Cc1ccc(cc1)c2ccccc2c3n[nH]nn3)C(C(C)C)C(=O)O,1
1106,CCCc1nc(c2n1[nH]c(nc2=O)c3cc(ccc3OCC)S(=O)(=O)N4CCN(CC4)CC)C,1
1107,c1cnc2cc3c(cc2n1)C4CC3CNC4,0
1108,CC(=O)OC1CC2CCC3C(C2(CC1N4CCCCC4)C)CCC5(C3CC(C5OC(=O)C)[N+]6(CCCCC6)C)C,0
1109,CN(C)CC(c1ccc(cc1)OC)C2(CCCCC2)O,1
1110,Cc1c2cc3nc(cc4c(c(c([nH]4)cc5nc(cc(c1CCC(=O)OC)[nH]2)C(=C5C)CCC(=O)O)C=C)C)C6=CC=C(C(C36C)C(=O)OC)C(=O)OC,1
1111,COc1ccc(cc1OC)C(=O)N2CCN(CC2)c3ccc4c(c3)CCC(=O)N4,1
1112,C=CC(CCC(=O)O)N,1
1113,CCC1(CC2CC(c3c(c4ccccc4[nH]3)CCN(C2)C1)(c5cc6c(cc5OC)N(C7C68CCN9C8C(C=CC9)(C(C7(C(=O)OC)O)OC(=O)C)CC)C=O)C(=O)OC)O,1
1114,CCC1=CC2CC(c3c(c4ccccc4[nH]3)CN(C2)C1)(c5cc6c(cc5OC)N(C7C68CCN9C8C(C=CC9)(C(C7(C(=O)OC)O)OC(=O)C)CC)C)C(=O)OC,1
1115,C=C(Cl)Cl,1
1116,CC(C)CCCC(C)C1CCC2C1(CCCC2=CC=C3CC(CCC3=C)O)C,0
1117,C1C(C(C(C(C1(CO)O)O)O)O)NC(CO)CO,1
1118,CC(c1c(cncn1)F)C(Cn2cncn2)(c3ccc(cc3F)F)O,1
1119,c1ccc(cc1)NC(=O)CCCCCCC(=O)NO,0
1120,CC(=O)CC(c1ccccc1)c2c(=O)c3ccccc3oc2O,1
1121,CCCCCCOc1c(nsn1)C2=CCCN(C2)C,1
1122,C1C(C(C(C(O1)O)O)O)O,0
1123,Cc1ccccc1S(=O)(=O)NC(=O)c2ccc(c(c2)OC)Cc3cn(c4c3cc(cc4)NC(=O)OC5CCCC5)C,1
1124,CCN(c1cccc(c1)c2ccnc3n2ncc3C#N)C(=O)C,0
1125,CC(=O)NC1C(C=C(OC1C(C(CO)O)O)C(=O)O)N=C(N)N,0
1126,Cc1cn(c(=O)[nH]c1=O)C2CC(C(O2)CO)N=N#N,1
1127,c1ccc2c(c1)c(ns2)N3CCN(CC3)CCc4cc5c(cc4Cl)NC(=O)C5,1
1128,CC(CSC(=O)c1ccccc1)C(=O)N2CC(CC2C(=O)O)Sc3ccccc3,1
1129,CN(C)CCc1c[nH]c2c1cc(cc2)CC3COC(=O)N3,0
1130,Cc1ccc(cc1)c2c(n3cc(ccc3n2)C)CC(=O)N(C)C,1
1131,CN1CCN(CC1)C(=O)OC2c3c(nccn3)C(=O)N2c4ccc(cn4)Cl,0
1132,C[N+](C)(C)CC(=O)[O-],0
1133,CS(=O)C,0
1134,c1cc(c(cc1CCN)O)O,0
1135,c1cc2cccnc2c(c1)O,0
1136,CC(C(=O)OC(C)(C)Cc1ccc(cc1)Cl)N,1
1137,Cn1c2c(c(=O)n(c1=O)C)[nH]cn2,0
1138,c1ccc(cc1)Cn2c3ccccc3c(n2)OCC(=O)O,1
1139,CC(=O)Oc1ccc(cc1)C(c2ccc(cc2)OC(=O)C)c3ccccn3,0
1140,C(C(Cl)(Cl)Cl)(O)O,0
1141,CN1C(S(=O)(=O)CCC1=O)c2ccc(cc2)Cl,1
1142,c1cc2c(cc1Cl)[nH]c(=O)o2,1
1143,CC(=O)N(CCCCCNC(=O)CCC(=O)N(CCCCCNC(=O)CCC(=O)N(CCCCCN)O)O)O,0
1144,CCCC(CCC)C(=O)O,1
1145,c1ccc(cc1)C(COC(=O)N)COC(=O)N,1
1146,c1cc(ccc1OCC(=O)N2CCN(CC2)Cc3ccc4c(c3)OCO4)Cl,1
1147,CC(C)C(=O)Nc1ccc(c(c1)C(F)(F)F)[N+](=O)[O-],1
1148,c1cnccc1C(=O)NN,1
1149,CC(C)NCC(c1ccc(c(c1)O)O)O,0
1150,CCOC(=O)N1CCC(=C2c3ccc(cc3CCc4c2nccc4)Cl)CC1,0
1151,Cc1ncc(n1CCO)[N+](=O)[O-],0
1152,c1cc(c(cc1Cl)Cl)COC(Cn2ccnc2)c3ccc(cc3Cl)Cl,0
1153,CCc1nn(c(=O)n1CCOc2ccccc2)CCCN3CCN(CC3)c4cccc(c4)Cl,1
1154,Cc1ccnc2c1NC(=O)c3cccnc3N2C4CC4,1
1155,CC1(C(=O)N(C(=O)N1)c2ccc(c(c2)C(F)(F)F)[N+](=O)[O-])C,1
1156,CS(=O)(=O)Nc1ccc(cc1Oc2ccccc2)[N+](=O)[O-],1
1157,c1ccc(cc1)C2C(=O)N=C(O2)N,1
1158,CCC1(C(=O)NCNC1=O)c2ccccc2,0
1159,C[n+]1cccc(c1)OC(=O)N(C)C,0
1160,c1ccc(c(c1)C(=O)N)O,0
1161,Cc1cc(no1)NS(=O)(=O)c2ccc(cc2)N,1
1162,CCCCNc1ccc(cc1)C(=O)OCCN(C)C,0
1163,Cc1ccc(cc1)C(=O)c2ccc(n2C)CC(=O)O,1
1164,Cc1c(c2c(c(c1O)C)CCC(O2)(C)COc3ccc(cc3)CC4C(=O)NC(=O)S4)C,1
1165,CC12CC(=O)C3C(C1CCC2(C(=O)CO)O)CCC4=CC(=O)C=CC34C,0
1166,CN1CCCC(C1)CN2c3ccccc3Sc4c2cccc4,1
1167,CSCCC(C(=O)O)N,0
1168,CC(c1ccccc1)NN,1
1169,CCc1c(c2ccccc2o1)C(=O)c3cc(c(c(c3)I)O)I,1
1170,Cc1cc2c(cc1C)n(c-3nc(=O)[nH]c(=O)c3n2)CC(C(C(CO)O)O)O,0
1171,c1ccc2c(c1)N(c3cc(ccc3S2)Cl)CCCN4CCC(CC4)C(=O)N,1
1172,c1ccc(cc1)c2cc(c3ccccc3n2)C(=O)O,1
1173,Cn1c2c(c(=O)n(c1=O)C)[nH]cn2.Cn1c2c(c(=O)n(c1=O)C)[nH]cn2.C(CN)N,0
1174,CCC(CO)NC(=O)C1CN(C2Cc3cn(c4c3c(ccc4)C2=C1)C)C,0
1175,C[N+](C)(C)CC(CC(=O)[O-])O,0
1176,c1cc(ccc1N)S(=O)(=O)NC(=O)N,1
1177,C(C1C(C(C(C(O1)OC2C(OC(C2O)(CO)O)CO)O)O)O)O,0
1178,CCOC(=O)C1(CCN(CC1)CCC(C#N)(c2ccccc2)c3ccccc3)c4ccccc4,0
1179,Cc1c(c2c(c(c1O)C)CCC(O2)(C)CCCC(C)CCCC(C)CCCC(C)C)C,0
1180,c1(c(nc(c(n1)Cl)N)N)C(=O)N=C(N)N,1
1181,C[Si](C)(C)O[Si](C)(C)O[Si](C)(C)C,0
1182,CC(=O)N1c2ccccc2C(C1=O)(c3ccc(cc3)OC(=O)C)c4ccc(cc4)OC(=O)C,1
1183,CC1C(C(CC(O1)OC2CC(Cc3c2c(c4c(c3O)C(=O)c5cccc(c5C4=O)OC)O)(C(=O)C)O)N)O,0
1184,c1nc2c(nc(nc2n1C3C(C(C(O3)COP(=O)(O)O)O)O)F)N,0
1185,C=CCOc1ccc(cc1Cl)CC(=O)O,1
1186,CC(Cc1ccc(c(c1)O)O)(C(=O)O)NN,1
1187,c1ccc2c(c1)CCc3ccccc3C2[NH2+]CCCCCCC(=O)O.[Cl-],1
1188,c1cc(sc1)C(=O)c2ccc(c(c2Cl)Cl)OCC(=O)O,1
1189,CC(c1ccc2c(c1)nc(o2)c3ccc(cc3)Cl)C(=O)O,1
1190,c1cc(c(c(c1C(=O)c2cc(c(c(c2)O)O)O)O)O)O,1
1191,CC1C(C(CC(O1)OC2CC(Cc3c2c(c4c(c3O)C(=O)c5cccc(c5C4=O)OC)O)(C(=O)CO)O)N)O,1
1192,CN(CC(=O)O)C(=S)c1cccc2c1ccc(c2C(F)(F)F)OC,1
1193,CC(CS(=O)(=O)c1ccc(cc1)F)(C(=O)Nc2ccc(c(c2)C(F)(F)F)C#N)O,1
1194,CCCCCCCN(CC)CCCC(c1ccc(cc1)NS(=O)(=O)C)O,0
1195,CNCCC(c1cccs1)Oc2cccc3c2cccc3,1
1196,Cc1c2c(nc(n1)C)N(C(=O)CC2)Cc3ccc(cc3)c4ccccc4c5n[nH]nn5,1
1197,c1cc(c(cc1F)F)n2cc(c(=O)c3c2nc(c(c3)F)N4CC5C(C4)C5N)C(=O)O,1
1198,c1cc2c(cc1Cl)C(OC(=O)N2)(C#CC3CC3)C(F)(F)F,1
1199,CCCC1(CC(=O)C(=C(O1)O)C(CC)c2cccc(c2)NS(=O)(=O)c3ccc(cn3)C(F)(F)F)CCc4ccccc4,1
1200,CN1c2c(oc(=O)n(c2=O)c3ccccn3)-c4ccccc4S1(=O)=O,1
1201,CC(C)Nc1ncccn1,1
1202,CC(COc1ccccc1)NN,1
1203,CC(C)(C)c1ccc(cc1)S(=O)(=O)Nc2c(c(nc(n2)c3ncccn3)OCCO)Oc4ccccc4OC,1
1204,CCCCOCC(CN1C(=O)C(C(=O)NC1=O)(CC)c2ccccc2)OC(=O)N.CCCCOCC(CN1C(=O)C(C(=O)N(C1=O)CC(COCCCC)OC(=O)N)(CC)c2ccccc2)OC(=O)N.CCC1(C(=O)NC(=O)NC1=O)c2ccccc2,1
1205,CC(C)CN(CC(C(Cc1ccccc1)NC(=O)OC2COC3C2CCO3)O)S(=O)(=O)c4ccc(cc4)N,1
1206,Cn1c(c-2nc(nc2n(c1=O)C)Cl)[O-].C[NH+](C)CCOC(c1ccccc1)c2ccccc2,0
1207,COCCNC(=O)CN(CCN(CCN(CC(=O)NCCOC)CC(=O)[O-])CC(=O)[O-])CC(=O)[O-].[Gd+3],0
1208,CC(Cn1cnc2c1ncnc2N)OCP(=O)(O)O,1
1209,CN1CCCN=C1C=Cc2cccs2,0
1210,Cc1ccc(cc1)C(=O)c2cc(c(c(c2)O)O)[N+](=O)[O-],1
1211,CC(C)C(C)C=CC(C)C1CCC2C1(CCCC2=CC=C3CC(CCC3=C)O)C,0
1212,CCN(CC)C(=O)C(=Cc1cc(c(c(c1)O)O)[N+](=O)[O-])C#N,0
1213,CN1CCC23c4c5ccc(c4OC2C(C=CC3C1C5)O)OC,0
1214,CN1CCC23c4c5ccc(c4OC2C(=O)CCC3C1C5)OC,0
1215,c1cc(c2c3c1CC4C5(C3(CCN4CC6CC6)C(O2)C(=O)CC5)O)O,1
1216,Cc1cc(c(c(c1C=CC(=CC=CC(=CC(=O)O)C)C)C)C)OC,1
1217,CCOC(=O)CNC(C1CCCCC1)C(=O)N2CCC2C(=O)NCc3ccc(cc3)C(=NO)N,1
1218,C[N+]1(C2CCC1CC(C2)OC(=O)C(c3ccccc3)O)C.[Br-],0
1219,CCCCC(CC)COC(=O)CC(C(=O)OCC(CC)CCCC)S(=O)(=O)[O-].[Na+],0
1220,C(C(C1C(=C(C(=O)O1)O)O)O)O,0
1221,c1ccc2c(c1)cccc2N=C=S,1
1222,CCOCCO,1
1223,CCCC(=O)Nc1ccc(c(c1)C(=O)C)OCC(CNC(C)C)O,1
1224,CC1(C(N2C(S1)C(C2=O)N=CN3CCCCCC3)C(=O)O)C,1
1225,c1cc(c(c2c1NC3=NC(=O)CN3C2)Cl)Cl,0
1226,CCCCCOc1ccc(cc1)c2ccc(cc2)c3ccc(cc3)C(=O)NC4CC(C(NC(=O)C5C(C(CN5C(=O)C(NC(=O)C(NC(=O)C6CC(CN6C(=O)C(NC4=O)C(C)O)O)C(C(c7ccc(cc7)O)O)O)C(C)O)C)O)O)O,1
1227,c1cc(c(c(c1)Cl)Cl)N2CCN(CC2)CCCCOc3ccc4c(c3)NC(=O)CC4,0
1228,CC1C(C(=O)N1S(=O)(=O)O)NC(=O)C(=NOC(C)(C)C(=O)O)c2csc(n2)N,1
1229,CCCCOc1cc(ccc1N)C(=O)OCCN(CC)CC,0
1230,CC(C)NCC(COc1ccc(cc1)CCOCC2CC2)O,0
1231,CCCCNc1cc(cc(c1Oc2ccccc2)S(=O)(=O)N)C(=O)O,1
1232,C(CCl)NC(=O)N(CCCl)N=O,1
1233,C[N+]1(CCCC1)CC2=C(N3C(C(C3=O)NC(=O)C(=NOC)c4csc(n4)N)SC2)C(=O)O,1
1234,COC1(C2N(C1=O)C(=C(CS2)COC(=O)N)C(=O)O)NC(=O)Cc3cccs3,1
1235,CC(C)c1c(c(c(c(n1)C(C)C)C=CC(CC(CC(=O)O)O)O)c2ccc(cc2)F)COC,1
1236,Cc1c(scn1)CCCl,1
1237,Cc1c(nc[nH]1)CSCCNC(=NC)NC#N,1
1238,CCC(=O)OC1(C(CC2C1(CC(C3(C2CCC4=CC(=O)C=CC43C)F)O)C)C)C(=O)CCl,0
1239,CCc1cc2c(s1)N(C(=O)CN=C2c3ccccc3Cl)C,1
1240,Cc1c(c(no1)c2ccccc2Cl)C(=O)NC3C4N(C3=O)C(C(S4)(C)C)C(=O)O,1
1241,CC1(OC2CC3C4CCC5=CC(=O)C=CC5(C4C(CC3(C2(O1)C(=O)CO)C)O)C)C,0
1242,CC(=O)Oc1cccc2c1C(=O)c3c(cc(cc3OC(=O)C)C(=O)O)C2=O,1
1243,C(C(CBr)Br)Cl,1
1244,CCCCCCCCCCCCCCCCCCCCCCO,0
1245,COc1cc2c(cc1OC)C(=O)C(C2)CC3CCN(CC3)Cc4ccccc4,0
1246,CN(C)CCC=C1c2ccccc2COc3c1cccc3,1
1247,CC12CCC3C(C1CCC2C(=O)Nc4cc(ccc4C(F)(F)F)C(F)(F)F)CCC5C3(C=CC(=O)N5)C,0
1248,C(C(C(CON(=O)=O)ON(=O)=O)ON(=O)=O)ON(=O)=O,1
1249,CCC(=C)C(=O)c1ccc(c(c1Cl)Cl)OCC(=O)O,1
1250,CC(Cl)Cl,1
1251,Cc1c(c(no1)c2c(cccc2Cl)F)C(=O)NC3C4N(C3=O)C(C(S4)(C)C)C(=O)O,1
1252,CC1(OC2CC3C4CC(C5=CC(=O)C=CC5(C4C(CC3(C2(O1)C(=O)CO)C)O)C)F)C,0
1253,c1ccc2c(c1)C(=O)OC23c4ccc(cc4Oc5c3ccc(c5)O)O,0
1254,Cc1ccc(c(c1)OCCCC(C)(C)C(=O)O)C,1
1255,C(CC(=O)N)C(C(=O)O)N,1
1256,Cn1c2ccccc2c(n1)C(=O)NC3CC4CCCC(C3)N4C,1
1257,CC1(OC2CC3C4CCC5=CC(=O)CCC5(C4(C(CC3(C2(O1)C(=O)CCl)C)O)F)C)C,0
1258,C[N+](C)(CCCCCC[N+](C)(C)C1c2ccccc2-c3c1cccc3)C4c5ccccc5-c6c4cccc6,0
1259,c1c(c(cc2c1NCNS2(=O)=O)S(=O)(=O)N)C(F)(F)F,0
1260,CC(=O)NCc1c(c(c(c(c1I)NC(=O)C)I)C(=O)O)I,0
1261,C(I)(I)I,1
1262,CCOC(=O)CCCCCCCCC(C)c1ccccc1I,0
1263,CC(C)[N+](C)(CCC(c1ccccc1)(c2ccccc2)C(=O)N)C(C)C,0
1264,CC(=O)NC(COC)C(=O)NCc1ccccc1,0
1265,CC(C)(C)NCC(COc1cccc2c1CCCC2=O)O,0
1266,C[N+](C)(C)CC(CC(=O)O)O,0
1267,CCOC(=O)CC(C(=O)OCC)SP(=S)(OC)OC,0
1268,C[N+]1(C2CC(CC1C3C2O3)OC(=O)C(CO)c4ccccc4)C,0
1269,CN1C(Nc2cc(c(cc2S1(=O)=O)S(=O)(=O)N)Cl)CCl,0
1270,CCN(CC)CCNC(=O)c1cc(c(cc1OC)N)Cl,0
1271,CC(C)C1c2ccc(cc2CCC1(CCN(C)CCCc3[nH]c4ccccc4n3)OC(=O)COC)F,0
1272,Cn1c(nnn1)SCC2=C(N3C(C(C3=O)(NC(=O)C(c4ccc(cc4)O)C(=O)O)OC)OC2)C(=O)O,1
1273,c1ccc2c(c1)cccc2CC3=NCCN3,0
1274,CNS(=O)(=O)CCc1ccc2c(c1)c(c[nH]2)C3CCN(CC3)C,0
1275,CC1=C(C(C(=C(N1)C)C(=O)OCCN(C)Cc2ccccc2)c3cccc(c3)N(=O)=O)C(=O)OC,0
1276,CC1(C(=O)N(C(=O)N1)c2ccc(c(c2)C(F)(F)F)N(=O)=O)C,1
1277,CC1=C(C(C(=C(N1)C)C(=O)OCC(C)C)c2ccccc2N(=O)=O)C(=O)OC,0
1278,CC(=O)Oc1ccccc1C(=O)Nc2ncc(s2)N(=O)=O,1
1279,c1cc(c(cc1C(F)(F)F)N(=O)=O)C(=O)C2C(=O)CCCC2=O,0
1280,CCCCCCCCCc1ccc(cc1)OCCO,0
1281,c1ccc(cc1)C(c2ccccc2)N3CCN(CC3)CCCn4c5ccccc5[nH]c4=O,1
1282,CC1(c2cccc(c2C(=C3C1C(C4C(C(=O)C(=C(N)O)C(=O)C4(C3=O)O)N(C)C)O)O)O)O,1
1283,C[n+]1ccc(cc1)c2cc[n+](cc2)C,1
1284,Cc1ccc(cc1C)S(=O)(=O)O,1
1285,CC(=O)CCCCn1c(=O)c2c(ncn2C)n(c1=O)C,1
1286,C(C(C(C(C(F)(F)Br)(F)F)(F)F)(F)F)(C(C(C(F)(F)F)(F)F)(F)F)(F)F,1
1287,CCCC(C(=O)OCC)NC(C)C(=O)N1C2CCCCC2CC1C(=O)O,0
1288,Cc1c(cnc2c1c(nc(n2)N)N)Cc3cc(ccc3OC)OC,1
1289,CCCN1C2CC(C3C1CC4(C2N(c5c4cccc5)C)C3O)C(CC)C=O,1
1290,CCC(C)C(=O)OC1CC(C=C2C1C(C(C=C2)C)CCC(CC(CC(=O)O)O)O)O,1
1291,c1ccc(cc1)C2=NCC(=O)N(c3c2cc(cc3)Cl)CC4CC4,0
1292,CC(CN1c2ccccc2Sc3c1cccc3)N(C)C,1
1293,Cc1[nH]c2ccc(cc2c(=O)n1)CN(C)c3ccc(s3)C(=O)NC(CCC(=O)O)C(=O)O,1
1294,CNC(=CN(=O)=O)NCCSCc1ccc(o1)CN(C)C,1
1295,CNC(=O)c1cnn(c1)c2nc(c3c(n2)n(cn3)C4C(C(C(O4)CO)O)O)N,0
1296,CCC(=O)N(c1ccccc1)C2(CCN(CC2)CCC(=O)OC)C(=O)OC,0
1297,CCOc1cc(ccc1C(=O)O)CC(=O)NC(CC(C)C)c2ccccc2N3CCCCC3,0
1298,c1cc(cnc1)CC(O)(P(=O)(O)O)P(=O)(O)O,0
1299,CS(=O)(=O)c1ccc(cc1)C2=C(C(=O)OC2)c3ccccc3,1
1300,CC1=C(C(=O)C(=C(C1=O)C)C(CCCCCC(=O)O)c2ccccc2)C,1
1301,C(OC(C(F)(F)F)C(F)(F)F)F,1
1302,CC1CCC2CC(C(=CC=CC=CC(CC(C(=O)C(C(C(=CC(C(=O)CC(OC(=O)C3CCCCN3C(=O)C(=O)C1(O2)O)C(C)CC4CCC(C(C4)OC)O)C)C)O)OC)C)C)C)OC,1
1303,CC1CN(CC(N1)C)c2c(c(c3c(c2F)n(cc(c3=O)C(=O)O)C4CC4)N)F,1
1304,CC(=O)SC1CC2=CC(=O)CCC2(C3C1C4CCC5(C4(CC3)C)CCC(=O)O5)C,1
1305,C1CCC(CC1)C2CC(NC2)C(=O)O,1
1306,CC(c1ccc(cc1)C(=O)c2cccs2)C(=O)O,1
1307,CN1c2ccc(cc2C(=NC(C1=O)O)c3ccccc3)Cl,0
1308,CC(C)N1CCN(CC1)c2ccc(cc2)OCC3COC(O3)(Cn4cncn4)c5ccc(cc5Cl)Cl,0
1309,C(C(Cl)Cl)(Cl)Cl,1
1310,CN1CCCCC1CCN2c3ccccc3Sc4c2cc(cc4)SC,1
1311,C1C(C(C(C(C1N)OC2C(C(C(C(O2)CO)O)N)O)O)OC3C(CC(C(O3)CN)O)N)N,1
1312,c1c2c(cc(c1Cl)S(=O)(=O)N)S(=O)(=O)NC(N2)C(Cl)Cl,0
1313,CN(C)CCCN1c2ccccc2Sc3c1cc(cc3)C(F)(F)F,1
1314,CC12CCC3C(C1CCC2O)CCC45C3(CC(=C(C4O5)O)C#N)C,0
1315,CN1C2CCC1CC(C2)OC(=O)c3c[nH]c4c3cccc4,1
1316,CN1CCc2cc(c3cc2C1Cc4ccc(cc4)Oc5c6c(cc(c5O)OC)CC[N+](C6Cc7ccc(c(c7)O3)O)(C)C)OC,0
1317,C(=O)(N)N,0
